seri_no,ram_gb,kamera_mp,ekran_boyutu,batarya_mah,storage_gb,cihaz_fiyat,cikis_yili,cihaz_durum_puan,segment_puan,cihaz_model
13,2.0,12.0,4.7,1821.0,64.0,6349,2017.0,2,2,8.0
15,3.0,12.0,4.7,1821.0,128.0,7299,2020.0,1,2,9.0
13,3.0,12.0,5.5,2691.0,64.0,7849,2017.0,2,3,8.0
15,3.0,12.0,4.7,1821.0,64.0,7899,2020.0,1,2,9.0
13,3.0,12.0,5.5,2691.0,64.0,8049,2017.0,3,3,8.0
15,3.0,12.0,4.7,1821.0,64.0,8099,2020.0,2,2,9.0
13,3.0,12.0,5.5,2691.0,64.0,8249,2017.0,4,3,8.0
15,3.0,12.0,4.7,1821.0,64.0,8299,2020.0,3,2,9.0
15,3.0,12.0,4.7,1821.0,128.0,8899,2020.0,1,2,9.0
15,3.0,12.0,4.7,1821.0,128.0,9299,2020.0,3,2,9.0
13,3.0,12.0,5.5,2691.0,128.0,9299,2017.0,3,3,8.0
16,3.0,12.0,5.8,2716.0,64.0,9399,2017.0,1,2,10.0
16,3.0,12.0,5.8,2716.0,128.0,9399,2017.0,4,2,10.0
13,3.0,12.0,5.5,2691.0,128.0,9499,2017.0,4,3,8.0
16,3.0,12.0,5.8,2716.0,64.0,9599,2017.0,2,2,10.0
15,3.0,12.0,4.7,1821.0,256.0,9599,2020.0,1,2,9.0
16,3.0,12.0,5.8,2716.0,64.0,9799,2017.0,3,2,10.0
16,3.0,12.0,5.8,2716.0,64.0,9999,2017.0,4,2,10.0
13,3.0,12.0,5.5,2691.0,256.0,10149,2017.0,2,3,8.0
16,3.0,12.0,5.8,2716.0,256.0,10399,2017.0,2,2,10.0
15,3.0,12.0,4.7,1821.0,256.0,10399,2020.0,4,2,9.0
13,3.0,12.0,5.5,2691.0,256.0,10449,2017.0,3,3,8.0
16,4.0,12.0,5.8,2716.0,64.0,10699,2017.0,3,2,10.0
13,3.0,12.0,5.5,2691.0,256.0,10749,2017.0,4,3,8.0
16,3.0,12.0,5.8,2716.0,256.0,11699,2017.0,3,2,10.0
7,4.0,12.0,6.1,3110.0,64.0,12199,2019.0,4,2,11.0
7,4.0,12.0,6.1,3110.0,64.0,12499,2019.0,4,2,11.0
7,4.0,12.0,6.1,3110.0,64.0,13199,2019.0,1,2,11.0
7,4.0,12.0,6.1,3110.0,64.0,13699,2019.0,1,2,11.0
7,4.0,12.0,6.1,3110.0,64.0,13699,2019.0,2,2,11.0
14,4.0,12.0,4.7,1821.0,64.0,13999,2022.0,1,2,9.0
7,4.0,12.0,6.1,3110.0,128.0,13999,2019.0,1,2,11.0
7,4.0,12.0,6.1,3110.0,64.0,14199,2019.0,2,2,11.0
7,4.0,12.0,6.1,3110.0,128.0,14199,2019.0,2,2,11.0
7,4.0,12.0,6.1,3110.0,128.0,14499,2019.0,2,2,11.0
8,4.0,12.0,5.4,2227.0,64.0,14599,2020.0,2,1,12.0
14,4.0,12.0,4.7,1821.0,64.0,14599,2022.0,3,2,9.0
7,4.0,12.0,6.1,3110.0,64.0,14699,2019.0,3,2,11.0
7,4.0,12.0,6.1,3110.0,64.0,14999,2019.0,4,2,11.0
7,4.0,12.0,6.1,3110.0,64.0,15199,2019.0,3,2,11.0
14,4.0,12.0,4.7,1821.0,128.0,15299,2022.0,2,2,9.0
7,4.0,12.0,6.1,3110.0,64.0,15499,2019.0,4,2,11.0
14,4.0,12.0,4.7,1821.0,64.0,15599,2022.0,1,2,9.0
7,4.0,12.0,6.1,3110.0,128.0,15699,2019.0,3,2,11.0
14,4.0,12.0,4.7,1821.0,64.0,15899,2022.0,2,2,9.0
14,4.0,12.0,4.7,1821.0,64.0,16199,2022.0,3,2,9.0
14,4.0,12.0,4.7,1821.0,64.0,16499,2022.0,4,2,9.0
7,4.0,12.0,6.1,3110.0,128.0,16499,2019.0,1,2,11.0
14,4.0,12.0,4.7,1821.0,128.0,16599,2022.0,1,2,9.0
14,4.0,12.0,4.7,1821.0,128.0,16899,2022.0,2,2,9.0
7,4.0,12.0,6.1,3110.0,128.0,16999,2019.0,2,2,11.0
7,4.0,12.0,6.1,3110.0,128.0,16999,2019.0,1,2,11.0
14,4.0,12.0,4.7,1821.0,128.0,17199,2022.0,3,2,9.0
7,4.0,12.0,6.1,3110.0,128.0,17499,2019.0,2,2,11.0
14,4.0,12.0,4.7,1821.0,128.0,17499,2022.0,4,2,9.0
7,4.0,12.0,6.1,3110.0,256.0,17699,2019.0,3,2,11.0
7,4.0,12.0,6.1,3110.0,128.0,18199,2019.0,3,2,11.0
8,4.0,12.0,5.4,2227.0,64.0,18449,2020.0,3,1,12.0
7,4.0,12.0,6.1,3110.0,128.0,18499,2019.0,4,2,11.0
8,4.0,12.0,5.4,2227.0,64.0,18599,2020.0,1,1,12.0
7,4.0,12.0,6.1,3110.0,128.0,18699,2019.0,3,2,11.0
7,4.0,12.0,6.1,3110.0,256.0,18699,2019.0,1,2,11.0
8,4.0,12.0,5.4,2227.0,64.0,18899,2020.0,2,1,12.0
7,4.0,12.0,6.1,3110.0,128.0,18999,2019.0,4,2,11.0
7,4.0,12.0,6.1,3110.0,256.0,19199,2019.0,2,2,11.0
8,4.0,12.0,5.4,2227.0,64.0,19199,2020.0,3,1,12.0
7,4.0,12.0,6.1,3110.0,256.0,19199,2019.0,1,2,11.0
8,4.0,12.0,6.1,2815.0,64.0,19299,2020.0,1,2,12.0
8,4.0,12.0,5.4,2227.0,64.0,19499,2020.0,4,1,12.0
7,4.0,12.0,6.1,3110.0,256.0,19699,2019.0,2,2,11.0
8,4.0,12.0,5.4,2227.0,128.0,19849,2020.0,1,1,12.0
7,4.0,12.0,6.5,3969.0,64.0,20099,2019.0,2,5,11.0
7,4.0,12.0,6.1,3110.0,256.0,20199,2019.0,3,2,11.0
8,4.0,12.0,6.1,2815.0,64.0,20399,2020.0,3,2,12.0
7,4.0,12.0,6.5,3969.0,64.0,20399,2019.0,3,5,11.0
7,4.0,12.0,6.1,3110.0,256.0,20499,2019.0,4,2,11.0
8,4.0,12.0,5.4,2227.0,128.0,20599,2020.0,1,1,12.0
7,4.0,12.0,6.5,3969.0,64.0,20699,2019.0,4,5,11.0
8,4.0,12.0,6.1,2815.0,64.0,20699,2020.0,4,2,12.0
7,4.0,12.0,6.1,3110.0,256.0,20699,2019.0,3,2,11.0
7,4.0,12.0,5.8,3046.0,64.0,20899,2019.0,2,4,11.0
7,4.0,12.0,6.1,3110.0,256.0,20999,2019.0,4,2,11.0
7,4.0,12.0,5.8,3046.0,64.0,21099,2019.0,1,4,11.0
8,4.0,12.0,5.4,2227.0,128.0,21199,2020.0,3,1,12.0
7,4.0,12.0,5.8,3046.0,64.0,21199,2019.0,3,4,11.0
7,4.0,12.0,5.8,3046.0,64.0,21399,2019.0,2,4,11.0
7,4.0,12.0,5.8,3046.0,64.0,21699,2019.0,3,4,11.0
8,4.0,12.0,6.1,2815.0,64.0,21849,2020.0,1,2,12.0
7,4.0,12.0,5.8,3046.0,64.0,21999,2019.0,4,4,11.0
8,4.0,12.0,6.1,2815.0,64.0,22149,2020.0,2,2,12.0
7,4.0,12.0,6.5,3969.0,64.0,22399,2019.0,1,5,11.0
8,4.0,12.0,5.4,2227.0,256.0,22449,2020.0,3,1,12.0
8,4.0,12.0,6.1,2815.0,64.0,22599,2020.0,1,2,12.0
8,4.0,12.0,5.4,2227.0,256.0,22599,2020.0,1,1,12.0
8,4.0,12.0,6.1,2815.0,64.0,22899,2020.0,2,2,12.0
8,4.0,12.0,5.4,2227.0,256.0,22899,2020.0,2,1,12.0
8,4.0,12.0,6.1,2815.0,64.0,22949,2020.0,3,2,12.0
7,4.0,12.0,5.8,3046.0,256.0,22999,2019.0,1,4,11.0
8,4.0,12.0,5.4,2227.0,256.0,23199,2020.0,3,1,12.0
8,4.0,12.0,6.1,2815.0,64.0,23249,2020.0,4,2,12.0
7,4.0,12.0,6.5,3969.0,64.0,23399,2019.0,2,5,11.0
7,4.0,12.0,5.8,3046.0,256.0,23499,2019.0,1,4,11.0
7,4.0,12.0,6.5,3969.0,64.0,23499,2019.0,4,5,11.0
8,4.0,12.0,6.1,2815.0,64.0,23699,2020.0,3,2,12.0
7,4.0,12.0,6.5,3969.0,64.0,23699,2019.0,3,5,11.0
8,4.0,12.0,6.1,2815.0,128.0,23749,2020.0,1,2,12.0
8,4.0,12.0,6.1,2815.0,64.0,23999,2020.0,4,2,12.0
7,4.0,12.0,6.5,3969.0,64.0,23999,2019.0,4,5,11.0
7,4.0,12.0,5.8,3046.0,256.0,23999,2019.0,3,4,11.0
7,4.0,12.0,5.8,3046.0,256.0,23999,2019.0,2,4,11.0
8,4.0,12.0,6.1,2815.0,128.0,24049,2020.0,2,2,12.0
7,4.0,12.0,5.8,3046.0,256.0,24299,2019.0,4,4,11.0
8,4.0,12.0,6.1,2815.0,128.0,24499,2020.0,1,2,12.0
7,4.0,12.0,5.8,3046.0,256.0,24499,2019.0,3,4,11.0
8,4.0,12.0,6.1,2815.0,128.0,24799,2020.0,2,2,12.0
7,4.0,12.0,5.8,3046.0,256.0,24799,2019.0,4,4,11.0
8,4.0,12.0,6.1,2815.0,128.0,24949,2020.0,3,2,12.0
7,4.0,12.0,6.5,3969.0,256.0,25049,2019.0,1,5,11.0
7,4.0,12.0,6.5,3969.0,512.0,25099,2019.0,3,5,11.0
8,4.0,12.0,6.1,2815.0,128.0,25249,2020.0,4,2,12.0
7,4.0,12.0,6.5,3969.0,256.0,25349,2019.0,2,5,11.0
7,4.0,12.0,6.5,3969.0,256.0,25549,2019.0,1,5,11.0
7,4.0,12.0,6.5,3969.0,256.0,25649,2019.0,3,5,11.0
8,4.0,12.0,6.1,2815.0,128.0,25699,2020.0,3,2,12.0
7,4.0,12.0,6.5,3969.0,256.0,25849,2019.0,2,5,11.0
8,4.0,12.0,6.1,2815.0,128.0,25999,2020.0,4,2,12.0
7,4.0,12.0,6.5,3969.0,256.0,26149,2019.0,3,5,11.0
7,4.0,12.0,5.8,3046.0,512.0,26599,2019.0,1,4,11.0
7,4.0,12.0,5.8,3046.0,512.0,26899,2019.0,2,4,11.0
8,4.0,12.0,6.1,2815.0,256.0,27149,2020.0,2,2,12.0
7,4.0,12.0,5.8,3046.0,512.0,27199,2019.0,3,4,11.0
8,4.0,12.0,6.1,2815.0,256.0,27449,2020.0,3,2,12.0
8,4.0,12.0,6.1,2815.0,256.0,27599,2020.0,1,2,12.0
9,4.0,12.0,6.1,3227.0,128.0,27699,2021.0,3,2,13.0
8,4.0,12.0,6.1,2815.0,256.0,27749,2020.0,4,2,12.0
8,4.0,12.0,6.1,2815.0,256.0,27899,2020.0,2,2,12.0
8,4.0,12.0,6.1,2815.0,256.0,28199,2020.0,3,2,12.0
7,4.0,12.0,6.5,3969.0,512.0,28199,2019.0,3,5,11.0
8,6.0,12.0,6.1,2815.0,128.0,28299,2020.0,1,4,12.0
7,4.0,12.0,6.5,3969.0,512.0,28399,2019.0,2,5,11.0
8,4.0,12.0,6.1,2815.0,256.0,28499,2020.0,4,2,12.0
9,4.0,12.0,5.4,2406.0,128.0,28599,2021.0,1,1,13.0
7,4.0,12.0,6.5,3969.0,512.0,28699,2019.0,3,5,11.0
9,4.0,12.0,5.4,2406.0,128.0,29199,2021.0,3,1,13.0
9,4.0,12.0,5.4,2406.0,128.0,29599,2021.0,1,1,13.0
9,4.0,12.0,6.1,3227.0,128.0,29699,2021.0,1,2,13.0
9,4.0,12.0,5.4,2406.0,128.0,29899,2021.0,2,1,13.0
9,4.0,12.0,6.1,3227.0,128.0,29999,2021.0,2,2,13.0
9,4.0,12.0,5.4,2406.0,128.0,30199,2021.0,3,1,13.0
9,4.0,12.0,6.1,3227.0,128.0,30299,2021.0,3,2,13.0
9,4.0,12.0,5.4,2406.0,128.0,30499,2021.0,4,1,13.0
9,4.0,12.0,6.1,3227.0,128.0,30599,2021.0,4,2,13.0
9,4.0,12.0,6.1,3227.0,128.0,30699,2021.0,1,2,13.0
8,6.0,12.0,6.1,2815.0,128.0,30849,2020.0,1,4,12.0
9,4.0,12.0,5.4,2406.0,256.0,30899,2021.0,2,1,13.0
9,4.0,12.0,6.1,3227.0,128.0,30999,2021.0,2,2,13.0
8,6.0,12.0,6.1,2815.0,128.0,31149,2020.0,2,4,12.0
9,4.0,12.0,6.1,3227.0,128.0,31299,2021.0,3,2,13.0
8,6.0,12.0,6.1,2815.0,128.0,31599,2020.0,1,4,12.0
9,4.0,12.0,6.1,3227.0,128.0,31599,2021.0,4,2,13.0
8,6.0,12.0,6.1,2815.0,128.0,31899,2020.0,2,4,12.0
8,6.0,12.0,6.1,2815.0,128.0,31949,2020.0,3,4,12.0
8,6.0,12.0,6.1,2815.0,128.0,32249,2020.0,4,4,12.0
8,6.0,12.0,6.1,2815.0,512.0,32299,2020.0,2,4,12.0
8,6.0,12.0,6.1,2815.0,256.0,32349,2020.0,1,4,12.0
8,6.0,12.0,6.7,3687.0,128.0,32499,2020.0,1,5,12.0
8,6.0,12.0,6.1,2815.0,256.0,32649,2020.0,2,4,12.0
8,6.0,12.0,6.1,2815.0,128.0,32699,2020.0,3,4,12.0
8,6.0,12.0,6.1,2815.0,128.0,32999,2020.0,4,4,12.0
8,6.0,12.0,6.7,3687.0,128.0,32999,2020.0,2,5,12.0
9,4.0,12.0,5.4,2406.0,512.0,32999,2021.0,4,1,13.0
8,6.0,12.0,6.1,2815.0,256.0,33099,2020.0,1,4,12.0
8,6.0,12.0,6.1,2815.0,256.0,33399,2020.0,2,4,12.0
8,6.0,12.0,6.7,3687.0,128.0,33399,2020.0,2,5,12.0
8,6.0,12.0,6.7,3687.0,128.0,33499,2020.0,3,5,12.0
8,6.0,12.0,6.1,2815.0,256.0,34699,2020.0,3,4,12.0
8,6.0,12.0,6.1,2815.0,256.0,34999,2020.0,4,4,12.0
8,6.0,12.0,6.1,2815.0,512.0,35349,2020.0,1,4,12.0
9,4.0,12.0,6.1,3227.0,256.0,36299,2021.0,1,2,13.0
8,6.0,12.0,6.1,2815.0,512.0,36399,2020.0,2,4,12.0
8,6.0,12.0,6.7,3687.0,256.0,36399,2020.0,3,5,12.0
8,6.0,12.0,6.7,3687.0,128.0,36499,2020.0,1,5,12.0
8,6.0,12.0,6.7,3687.0,256.0,36499,2020.0,4,5,12.0
8,6.0,12.0,6.1,2815.0,512.0,36749,2020.0,4,4,12.0
8,6.0,12.0,6.7,3687.0,128.0,36749,2020.0,3,5,12.0
9,4.0,12.0,6.1,3227.0,256.0,36899,2021.0,3,2,13.0
8,6.0,12.0,6.7,3687.0,128.0,36999,2020.0,2,5,12.0
8,6.0,12.0,6.1,2815.0,512.0,37199,2020.0,3,4,12.0
9,4.0,12.0,6.1,3227.0,256.0,37199,2021.0,4,2,13.0
8,6.0,12.0,6.7,3687.0,128.0,37249,2020.0,4,5,12.0
9,4.0,12.0,6.1,3227.0,256.0,37299,2021.0,1,2,13.0
8,6.0,12.0,6.7,3687.0,128.0,37499,2020.0,3,5,12.0
9,4.0,12.0,6.1,3227.0,256.0,37599,2021.0,2,2,13.0
9,4.0,12.0,6.1,3227.0,256.0,37899,2021.0,3,2,13.0
9,4.0,12.0,6.1,3227.0,512.0,38099,2021.0,1,2,13.0
9,4.0,12.0,6.1,3227.0,256.0,38199,2021.0,4,2,13.0
8,6.0,12.0,6.7,3687.0,256.0,38249,2020.0,1,5,12.0
10,6.0,12.0,6.7,4325.0,128.0,38399,2022.0,2,3,14.0
9,4.0,12.0,6.1,3227.0,512.0,38699,2021.0,3,2,13.0
8,6.0,12.0,6.7,3687.0,256.0,38749,2020.0,2,5,12.0
8,6.0,12.0,6.7,3687.0,512.0,38899,2020.0,3,5,12.0
8,6.0,12.0,6.7,3687.0,256.0,38999,2020.0,1,5,12.0
10,6.0,12.0,6.1,3279.0,128.0,39099,2022.0,1,2,14.0
8,6.0,12.0,6.7,3687.0,256.0,39249,2020.0,3,5,12.0
10,6.0,12.0,6.1,3279.0,128.0,39399,2022.0,2,2,14.0
8,6.0,12.0,6.7,3687.0,256.0,39499,2020.0,2,5,12.0
9,4.0,12.0,6.1,3227.0,512.0,39699,2021.0,3,2,13.0
8,6.0,12.0,6.7,3687.0,256.0,39999,2020.0,3,5,12.0
10,6.0,12.0,6.1,3279.0,256.0,40399,2022.0,2,2,14.0
8,6.0,12.0,6.7,3687.0,256.0,40499,2020.0,4,5,12.0
10,6.0,12.0,6.1,3279.0,128.0,40699,2022.0,3,2,14.0
10,6.0,12.0,6.1,3279.0,128.0,40999,2022.0,4,2,14.0
8,6.0,12.0,6.7,3687.0,512.0,41249,2020.0,2,5,12.0
8,6.0,12.0,6.7,3687.0,512.0,41999,2020.0,2,5,12.0
10,6.0,12.0,6.7,4325.0,128.0,42099,2022.0,1,3,14.0
10,6.0,12.0,6.7,4325.0,128.0,42399,2022.0,2,3,14.0
10,6.0,12.0,6.7,4325.0,128.0,43699,2022.0,3,3,14.0
10,6.0,12.0,6.7,4325.0,128.0,43999,2022.0,4,3,14.0
10,6.0,12.0,6.1,3279.0,256.0,44099,2022.0,1,2,14.0
10,6.0,12.0,6.1,3279.0,256.0,44399,2022.0,2,2,14.0
10,6.0,12.0,6.7,4325.0,256.0,44399,2022.0,2,3,14.0
10,6.0,12.0,6.1,3279.0,256.0,44699,2022.0,3,2,14.0
10,6.0,12.0,6.1,3279.0,256.0,44999,2022.0,4,2,14.0
10,6.0,12.0,6.7,4325.0,256.0,45699,2022.0,3,3,14.0
9,6.0,12.0,6.1,3095.0,128.0,47399,2021.0,2,4,13.0
11,6.0,48.0,6.1,3349.0,128.0,47599,2023.0,1,2,15.0
11,6.0,48.0,6.1,3349.0,128.0,47899,2023.0,2,2,15.0
9,6.0,12.0,6.1,3095.0,128.0,48099,2021.0,1,4,13.0
11,6.0,48.0,6.1,3349.0,128.0,48199,2023.0,3,2,15.0
9,6.0,12.0,6.1,3095.0,128.0,48399,2021.0,2,4,13.0
11,6.0,48.0,6.1,3349.0,128.0,48499,2023.0,4,2,15.0
9,6.0,12.0,6.1,3095.0,128.0,48699,2021.0,3,4,13.0
10,6.0,12.0,6.1,3279.0,512.0,48699,2022.0,3,2,14.0
9,6.0,12.0,6.1,3095.0,128.0,48999,2021.0,4,4,13.0
10,6.0,12.0,6.1,3279.0,512.0,48999,2022.0,4,2,14.0
9,6.0,12.0,6.7,4352.0,128.0,49499,2021.0,1,5,13.0
9,6.0,12.0,6.1,3095.0,128.0,49699,2021.0,3,4,13.0
9,6.0,12.0,6.1,3095.0,128.0,49999,2021.0,4,4,13.0
9,6.0,12.0,6.1,3095.0,256.0,50399,2021.0,2,4,13.0
9,6.0,12.0,6.1,3095.0,256.0,50999,2021.0,4,4,13.0
9,6.0,12.0,6.1,3095.0,256.0,50999,2021.0,1,4,13.0
9,6.0,12.0,6.1,3095.0,512.0,51599,2021.0,1,4,13.0
9,6.0,12.0,6.1,3095.0,256.0,51699,2021.0,3,4,13.0
9,6.0,12.0,6.1,3095.0,512.0,51899,2021.0,2,4,13.0
9,6.0,12.0,6.1,3095.0,256.0,51999,2021.0,4,4,13.0
9,6.0,12.0,6.7,4352.0,128.0,52399,2021.0,2,5,13.0
9,6.0,12.0,6.7,4352.0,128.0,53099,2021.0,1,5,13.0
9,6.0,12.0,6.1,3095.0,512.0,53199,2021.0,3,4,13.0
9,6.0,12.0,6.7,4352.0,128.0,53399,2021.0,2,5,13.0
11,6.0,48.0,6.1,3349.0,256.0,53599,2023.0,1,2,15.0
11,6.0,48.0,6.1,3349.0,256.0,53899,2023.0,2,2,15.0
9,6.0,12.0,6.7,4352.0,128.0,53999,2021.0,4,5,13.0
11,6.0,48.0,6.1,3349.0,256.0,54199,2023.0,3,2,15.0
10,6.0,48.0,6.1,3200.0,128.0,54399,2022.0,2,4,14.0
11,6.0,48.0,6.1,3349.0,256.0,54499,2023.0,4,2,15.0
9,6.0,12.0,6.7,4352.0,128.0,54699,2021.0,3,5,13.0
9,6.0,12.0,6.7,4352.0,128.0,54999,2021.0,4,5,13.0
9,6.0,12.0,6.7,4352.0,256.0,55099,2021.0,1,5,13.0
10,6.0,48.0,6.1,3200.0,128.0,55099,2022.0,1,4,14.0
9,6.0,12.0,6.7,4352.0,256.0,55399,2021.0,2,5,13.0
11,6.0,48.0,6.7,4383.0,128.0,55599,2023.0,1,3,15.0
11,6.0,48.0,6.7,4383.0,128.0,55899,2023.0,2,3,15.0
11,6.0,48.0,6.7,4383.0,128.0,56199,2023.0,3,3,15.0
11,6.0,48.0,6.7,4383.0,128.0,56499,2023.0,4,3,15.0
9,6.0,12.0,6.7,4352.0,256.0,56699,2021.0,3,5,13.0
9,6.0,12.0,6.7,4352.0,256.0,56999,2021.0,4,5,13.0
10,6.0,48.0,6.1,3200.0,128.0,56999,2022.0,4,4,14.0
9,6.0,12.0,6.7,4352.0,512.0,57899,2021.0,1,5,13.0
9,6.0,12.0,6.7,4352.0,512.0,58199,2021.0,2,5,13.0
11,6.0,48.0,6.1,3349.0,512.0,58399,2023.0,2,2,15.0
10,6.0,48.0,6.7,4323.0,128.0,58499,2022.0,2,5,14.0
11,6.0,48.0,6.1,3349.0,512.0,58699,2023.0,3,2,15.0
9,6.0,12.0,6.7,4352.0,512.0,58799,2021.0,4,5,13.0
10,6.0,48.0,6.1,3200.0,128.0,59099,2022.0,1,4,14.0
9,6.0,12.0,6.7,4352.0,1024.0,59399,2021.0,2,5,13.0
10,6.0,48.0,6.1,3200.0,128.0,59399,2022.0,2,4,14.0
9,6.0,12.0,6.7,4352.0,512.0,59499,2021.0,3,5,13.0
10,6.0,48.0,6.7,4323.0,128.0,59999,2022.0,3,5,14.0
10,6.0,48.0,6.7,4323.0,256.0,60499,2022.0,1,5,14.0
9,6.0,12.0,6.7,4352.0,1024.0,60699,2021.0,3,5,13.0
10,6.0,48.0,6.1,3200.0,128.0,60699,2022.0,3,4,14.0
10,6.0,48.0,6.1,3200.0,128.0,60999,2022.0,4,4,14.0
11,6.0,48.0,6.7,4383.0,256.0,61099,2023.0,1,3,15.0
11,6.0,48.0,6.7,4383.0,256.0,61399,2023.0,2,3,15.0
10,6.0,48.0,6.7,4323.0,256.0,61499,2022.0,1,5,14.0
10,6.0,48.0,6.7,4323.0,128.0,61999,2022.0,1,5,14.0
11,6.0,48.0,6.7,4383.0,256.0,61999,2023.0,4,3,15.0
10,6.0,48.0,6.1,3200.0,256.0,62099,2022.0,1,4,14.0
10,6.0,48.0,6.1,3200.0,256.0,62399,2022.0,2,4,14.0
10,6.0,48.0,6.7,4323.0,128.0,62499,2022.0,2,5,14.0
10,6.0,48.0,6.1,3200.0,256.0,63699,2022.0,3,4,14.0
10,6.0,48.0,6.1,3200.0,256.0,63999,2022.0,4,4,14.0
10,6.0,48.0,6.7,4323.0,128.0,63999,2022.0,3,5,14.0
10,6.0,48.0,6.7,4323.0,128.0,64999,2022.0,4,5,14.0
10,6.0,48.0,6.1,3200.0,512.0,65099,2022.0,1,4,14.0
10,6.0,48.0,6.1,3200.0,512.0,65499,2022.0,2,4,14.0
10,6.0,48.0,6.7,4323.0,256.0,65999,2022.0,2,5,14.0
10,6.0,48.0,6.1,3200.0,512.0,66699,2022.0,3,4,14.0
10,6.0,48.0,6.7,4323.0,256.0,67499,2022.0,3,5,14.0
11,6.0,48.0,6.7,4383.0,512.0,67499,2023.0,4,3,15.0
10,6.0,48.0,6.1,3200.0,1024.0,68099,2022.0,1,4,14.0
10,6.0,48.0,6.7,4323.0,256.0,68499,2022.0,4,5,14.0
10,6.0,48.0,6.7,4323.0,512.0,69999,2022.0,2,5,14.0
10,6.0,48.0,6.7,4323.0,512.0,70999,2022.0,3,5,14.0
11,8.0,48.0,6.1,3274.0,128.0,71099,2023.0,1,4,15.0
11,8.0,48.0,6.1,3274.0,128.0,71399,2023.0,2,4,15.0
11,8.0,48.0,6.1,3274.0,128.0,71699,2023.0,3,4,15.0
11,8.0,48.0,6.1,3274.0,256.0,71949,2023.0,3,4,15.0
10,6.0,48.0,6.7,4323.0,512.0,71999,2022.0,4,5,14.0
11,8.0,48.0,6.1,3274.0,128.0,71999,2023.0,4,4,15.0
10,6.0,48.0,6.7,4323.0,1024.0,72499,2022.0,2,5,14.0
11,8.0,48.0,6.1,3274.0,256.0,75099,2023.0,1,4,15.0
11,8.0,48.0,6.1,3274.0,256.0,75399,2023.0,2,4,15.0
11,8.0,48.0,6.1,3274.0,256.0,75699,2023.0,3,4,15.0
11,8.0,48.0,6.1,3274.0,256.0,75999,2023.0,4,4,15.0
11,8.0,48.0,6.7,4422.0,256.0,76899,2023.0,3,5,15.0
11,8.0,48.0,6.1,3274.0,512.0,80099,2023.0,1,4,15.0
11,8.0,48.0,6.1,3274.0,512.0,80399,2023.0,2,4,15.0
11,8.0,48.0,6.1,3274.0,512.0,80699,2023.0,3,4,15.0
11,8.0,48.0,6.1,3274.0,512.0,80999,2023.0,4,4,15.0
11,8.0,48.0,6.7,4422.0,256.0,83099,2023.0,1,5,15.0
11,8.0,48.0,6.7,4422.0,256.0,83399,2023.0,2,5,15.0
11,8.0,48.0,6.7,4422.0,256.0,83699,2023.0,3,5,15.0
11,8.0,48.0,6.7,4422.0,256.0,83999,2023.0,4,5,15.0
6,6.0,12.0,6.1,3274.0,256.0,87099,2022.0,1,2,14.0
6,6.0,12.0,6.1,3274.0,256.0,87699,2022.0,3,2,14.0
6,6.0,12.0,6.1,3274.0,256.0,87999,2022.0,4,2,14.0
11,8.0,48.0,6.7,4422.0,512.0,88599,2023.0,1,5,15.0
11,8.0,48.0,6.7,4422.0,512.0,88899,2023.0,2,5,15.0
11,8.0,48.0,6.7,4422.0,512.0,89199,2023.0,3,5,15.0
11,8.0,48.0,6.7,4422.0,512.0,89499,2023.0,4,5,15.0
6,6.0,12.0,6.1,3274.0,256.0,92699,2022.0,3,2,14.0
6,6.0,12.0,6.1,3274.0,256.0,92999,2022.0,4,2,14.0
12,8.0,48.0,6.9,4676.0,256.0,109047,2024.0,4,5,16.0
12,8.0,48.0,6.9,4676.0,256.0,108697,2024.0,4,5,16.0
12,8.0,48.0,6.9,4676.0,256.0,110999,2024.0,4,5,16.0
12,8.0,48.0,6.9,4676.0,256.0,109000,2024.0,4,5,16.0
12,8.0,48.0,6.9,4676.0,256.0,105399,2024.0,3,5,16.0
12,8.0,48.0,6.3,3582.0,128.0,93999,2024.0,4,4,16.0
12,8.0,48.0,6.3,3582.0,256.0,98999,2024.0,4,4,16.0
12,8.0,48.0,6.3,3582.0,256.0,101999,2024.0,4,4,16.0
12,8.0,48.0,6.3,3582.0,256.0,99399,2024.0,4,4,16.0
12,8.0,48.0,6.3,3582.0,512.0,102498,2024.0,4,4,16.0
12,8.0,48.0,6.3,3582.0,512.0,100998,2024.0,4,4,16.0
12,8.0,48.0,6.3,3582.0,512.0,101000,2024.0,4,4,16.0
12,8.0,48.0,6.1,3561.0,128.0,69900,2024.0,4,2,16.0
12,8.0,48.0,6.1,3561.0,128.0,69999,2024.0,4,2,16.0
12,8.0,48.0,6.1,3561.0,128.0,72499,2024.0,4,2,16.0
12,8.0,48.0,6.1,3561.0,128.0,70299,2024.0,3,2,16.0
12,8.0,48.0,6.1,3561.0,256.0,68597,2024.0,4,2,16.0
12,8.0,48.0,6.1,3561.0,512.0,78699,2024.0,4,2,16.0
12,8.0,48.0,6.1,3561.0,256.0,73299,2024.0,3,2,16.0
12,8.0,48.0,6.1,3561.0,256.0,75599,2024.0,4,2,16.0
11,8.0,48.0,6.7,4422.0,256.0,84598,2023.0,4,5,15.0
11,8.0,48.0,6.7,4422.0,256.0,82148,2023.0,4,5,15.0
11,8.0,48.0,6.7,4422.0,256.0,85879,2023.0,4,5,15.0
11,8.0,48.0,6.7,4422.0,256.0,86549,2023.0,4,5,15.0
11,8.0,48.0,6.7,4422.0,512.0,89999,2023.0,4,5,15.0
11,8.0,48.0,6.7,4422.0,256.0,82599,2023.0,3,5,15.0
11,8.0,48.0,6.7,4422.0,1024.0,93999,2023.0,4,5,15.0
11,8.0,48.0,6.7,4422.0,1024.0,96500,2023.0,4,5,15.0
10,6.0,48.0,6.7,4323.0,128.0,63888,2022.0,4,5,14.0
10,6.0,48.0,6.7,4323.0,256.0,68395,2022.0,4,5,14.0
10,6.0,48.0,6.7,4323.0,128.0,65000,2022.0,4,5,14.0
10,6.0,48.0,6.7,4323.0,128.0,62590,2022.0,4,5,14.0
10,6.0,48.0,6.7,4323.0,256.0,68888,2022.0,4,5,14.0
10,6.0,48.0,6.7,4323.0,256.0,69899,2022.0,4,5,14.0
10,6.0,48.0,6.7,4323.0,128.0,62549,2022.0,4,5,14.0
10,6.0,48.0,6.7,4323.0,256.0,63999,2022.0,3,5,14.0
10,6.0,48.0,6.7,4323.0,1024.0,75447,2022.0,4,5,14.0
10,6.0,48.0,6.7,4323.0,512.0,70848,2022.0,4,5,14.0
10,6.0,48.0,6.7,4323.0,256.0,71999,2022.0,4,5,14.0
10,6.0,48.0,6.7,4323.0,128.0,62349,2022.0,3,5,14.0
9,4.0,12.0,6.1,3227.0,128.0,32799,2021.0,4,2,13.0
9,4.0,12.0,6.1,3227.0,128.0,32000,2021.0,4,2,13.0
9,4.0,12.0,6.1,3227.0,128.0,32849,2021.0,4,2,13.0
9,4.0,12.0,6.1,3227.0,128.0,32999,2021.0,4,2,13.0
9,4.0,12.0,6.1,3227.0,128.0,32845,2021.0,4,2,13.0
9,4.0,12.0,6.1,3227.0,256.0,35499,2021.0,4,2,13.0
5,8.0,48.0,6.9,4685.0,1024.0,105561,2024.0,3,5,16.0
5,8.0,48.0,6.9,4685.0,1024.0,106990,2024.0,4,5,16.0
5,8.0,48.0,6.9,4685.0,1024.0,104900,2024.0,3,5,16.0
5,8.0,48.0,6.9,4685.0,1024.0,109499,2024.0,4,5,16.0
5,8.0,48.0,6.9,4685.0,512.0,100990,2024.0,4,5,16.0
5,8.0,48.0,6.9,4685.0,512.0,102299,2024.0,4,5,16.0
5,8.0,48.0,6.9,4685.0,512.0,99630,2024.0,3,5,16.0
5,8.0,48.0,6.9,4685.0,512.0,100570,2024.0,4,5,16.0
5,8.0,48.0,6.9,4685.0,512.0,101990,2024.0,4,5,16.0
5,8.0,48.0,6.9,4685.0,512.0,102999,2024.0,3,5,16.0
5,8.0,48.0,6.9,4685.0,512.0,103399,2024.0,4,5,16.0
5,8.0,48.0,6.9,4685.0,512.0,103499,2024.0,4,5,16.0
5,8.0,48.0,6.9,4685.0,512.0,109999,2024.0,4,5,16.0
5,8.0,48.0,6.9,4685.0,512.0,112999,2024.0,4,5,16.0
5,8.0,48.0,6.3,3582.0,256.0,90990,2024.0,4,4,16.0
5,8.0,48.0,6.3,3582.0,256.0,93499,2024.0,4,4,16.0
5,8.0,48.0,6.3,3582.0,256.0,89769,2024.0,4,4,16.0
5,8.0,48.0,6.3,3582.0,256.0,90709,2024.0,4,4,16.0
5,8.0,48.0,6.3,3582.0,256.0,91990,2024.0,4,4,16.0
5,8.0,48.0,6.3,3582.0,256.0,94000,2024.0,4,4,16.0
5,8.0,48.0,6.3,3582.0,128.0,84900,2024.0,4,4,16.0
5,8.0,48.0,6.3,3582.0,128.0,84995,2024.0,4,4,16.0
5,8.0,48.0,6.3,3582.0,128.0,84815,2024.0,3,4,16.0
5,8.0,48.0,6.3,3582.0,128.0,86808,2024.0,4,4,16.0
5,8.0,48.0,6.3,3582.0,128.0,87889,2024.0,4,4,16.0
5,8.0,48.0,6.3,3582.0,128.0,87990,2024.0,4,4,16.0
5,8.0,48.0,6.3,3582.0,128.0,93999,2024.0,4,4,16.0
5,8.0,48.0,6.3,3582.0,128.0,95999,2024.0,4,4,16.0
5,8.0,48.0,6.7,4674.0,128.0,64879,2024.0,4,3,16.0
5,8.0,48.0,6.7,4674.0,128.0,62990,2024.0,3,3,16.0
5,8.0,48.0,6.7,4674.0,256.0,64990,2024.0,4,3,16.0
5,8.0,48.0,6.7,4674.0,256.0,66499,2024.0,4,3,16.0
5,8.0,48.0,6.7,4674.0,256.0,63440,2024.0,3,3,16.0
4,8.0,48.0,6.7,4441.0,512.0,74499,2023.0,3,5,15.0
4,8.0,48.0,6.7,4441.0,512.0,75199,2023.0,4,5,15.0
4,8.0,48.0,6.7,4441.0,512.0,72943,2023.0,3,5,15.0
4,8.0,48.0,6.7,4441.0,512.0,74199,2023.0,4,5,15.0
4,8.0,48.0,6.7,4441.0,512.0,74999,2023.0,4,5,15.0
4,8.0,48.0,6.7,4441.0,512.0,75669,2023.0,4,5,15.0
4,8.0,48.0,6.7,4441.0,512.0,76139,2023.0,3,5,15.0
4,8.0,48.0,6.7,4441.0,512.0,77949,2023.0,4,5,15.0
4,8.0,48.0,6.7,4441.0,512.0,77999,2023.0,4,5,15.0
4,8.0,48.0,6.7,4441.0,512.0,78019,2023.0,3,5,15.0
4,8.0,48.0,6.7,4441.0,512.0,78181,2023.0,4,5,15.0
4,8.0,48.0,6.7,4441.0,512.0,78490,2023.0,4,5,15.0
4,8.0,48.0,6.7,4441.0,512.0,79695,2023.0,3,5,15.0
4,8.0,48.0,6.7,4441.0,512.0,79899,2023.0,3,5,15.0
4,8.0,48.0,6.7,4441.0,512.0,79999,2023.0,4,5,15.0
4,8.0,48.0,6.7,4441.0,512.0,80810,2023.0,4,5,15.0
4,8.0,48.0,6.7,4441.0,512.0,81807,2023.0,4,5,15.0
4,8.0,48.0,6.7,4441.0,512.0,82545,2023.0,4,5,15.0
4,8.0,48.0,6.7,4441.0,512.0,82992,2023.0,4,5,15.0
4,8.0,48.0,6.7,4441.0,512.0,87677,2023.0,4,5,15.0
4,8.0,48.0,6.7,4441.0,512.0,88599,2023.0,4,5,15.0
4,8.0,48.0,6.7,4441.0,512.0,88899,2023.0,4,5,15.0
4,8.0,48.0,6.7,4441.0,512.0,89499,2023.0,4,5,15.0
4,8.0,48.0,6.7,4441.0,256.0,69999,2023.0,3,5,15.0
4,8.0,48.0,6.7,4441.0,256.0,71436,2023.0,4,5,15.0
4,8.0,48.0,6.7,4441.0,256.0,66261,2023.0,3,5,15.0
4,8.0,48.0,6.7,4441.0,256.0,69999,2023.0,4,5,15.0
4,8.0,48.0,6.7,4441.0,256.0,71499,2023.0,4,5,15.0
4,8.0,48.0,6.7,4441.0,256.0,71999,2023.0,4,5,15.0
4,8.0,48.0,6.7,4441.0,256.0,72999,2023.0,4,5,15.0
4,8.0,48.0,6.7,4441.0,256.0,73319,2023.0,3,5,15.0
4,8.0,48.0,6.7,4441.0,256.0,74259,2023.0,4,5,15.0
4,8.0,48.0,6.7,4441.0,256.0,74490,2023.0,4,5,15.0
4,8.0,48.0,6.7,4441.0,256.0,74696,2023.0,4,5,15.0
4,8.0,48.0,6.7,4441.0,256.0,74729,2023.0,4,5,15.0
4,8.0,48.0,6.7,4441.0,256.0,74999,2023.0,4,5,15.0
4,8.0,48.0,6.7,4441.0,256.0,75999,2023.0,4,5,15.0
4,8.0,48.0,6.7,4441.0,256.0,77114,2023.0,3,5,15.0
4,8.0,48.0,6.7,4441.0,256.0,77799,2023.0,4,5,15.0
4,8.0,48.0,6.7,4441.0,256.0,79024,2023.0,4,5,15.0
4,8.0,48.0,6.7,4441.0,256.0,80208,2023.0,4,5,15.0
4,8.0,48.0,6.7,4441.0,256.0,83399,2023.0,4,5,15.0
4,8.0,48.0,6.7,4441.0,256.0,83999,2023.0,4,5,15.0
4,8.0,48.0,6.7,4441.0,256.0,89199,2023.0,4,5,15.0
4,8.0,48.0,6.7,4441.0,1024.0,77999,2023.0,4,5,15.0
4,8.0,48.0,6.7,4441.0,1024.0,78413,2023.0,3,5,15.0
4,8.0,48.0,6.7,4441.0,1024.0,74999,2023.0,3,5,15.0
4,8.0,48.0,6.7,4441.0,1024.0,78999,2023.0,4,5,15.0
4,8.0,48.0,6.7,4441.0,1024.0,79999,2023.0,4,5,15.0
4,8.0,48.0,6.7,4441.0,1024.0,80839,2023.0,4,5,15.0
4,8.0,48.0,6.7,4441.0,1024.0,82999,2023.0,3,5,15.0
4,8.0,48.0,6.7,4441.0,1024.0,83998,2023.0,4,5,15.0
4,8.0,48.0,6.7,4441.0,1024.0,84777,2023.0,4,5,15.0
4,8.0,48.0,6.7,4441.0,1024.0,85999,2023.0,4,5,15.0
4,8.0,48.0,6.7,4441.0,1024.0,92399,2023.0,4,5,15.0
4,8.0,48.0,6.7,4441.0,1024.0,92999,2023.0,4,5,15.0
4,8.0,48.0,6.1,3274.0,512.0,66123,2023.0,3,4,15.0
4,8.0,48.0,6.1,3274.0,512.0,67999,2023.0,4,4,15.0
4,8.0,48.0,6.1,3274.0,512.0,65999,2023.0,3,4,15.0
4,8.0,48.0,6.1,3274.0,512.0,69183,2023.0,4,4,15.0
4,8.0,48.0,6.1,3274.0,512.0,71011,2023.0,4,4,15.0
4,8.0,48.0,6.1,3274.0,512.0,72506,2023.0,4,4,15.0
4,8.0,48.0,6.1,3274.0,512.0,72900,2023.0,4,4,15.0
4,8.0,48.0,6.1,3274.0,512.0,73199,2023.0,4,4,15.0
4,8.0,48.0,6.1,3274.0,512.0,75999,2023.0,4,4,15.0
4,8.0,48.0,6.1,3274.0,512.0,79999,2023.0,4,4,15.0
4,8.0,48.0,6.1,3274.0,512.0,80399,2023.0,4,4,15.0
4,8.0,48.0,6.1,3274.0,512.0,80699,2023.0,4,4,15.0
4,8.0,48.0,6.1,3274.0,512.0,80999,2023.0,4,4,15.0
4,8.0,48.0,6.1,3274.0,512.0,90199,2023.0,4,4,15.0
4,8.0,48.0,6.1,3274.0,256.0,63825,2023.0,4,4,15.0
4,8.0,48.0,6.1,3274.0,256.0,63999,2023.0,3,4,15.0
4,8.0,48.0,6.1,3274.0,256.0,62199,2023.0,3,4,15.0
4,8.0,48.0,6.1,3274.0,256.0,65329,2023.0,4,4,15.0
4,8.0,48.0,6.1,3274.0,256.0,65329,2023.0,3,4,15.0
4,8.0,48.0,6.1,3274.0,256.0,65499,2023.0,4,4,15.0
4,8.0,48.0,6.1,3274.0,256.0,65799,2023.0,4,4,15.0
4,8.0,48.0,6.1,3274.0,256.0,65949,2023.0,4,4,15.0
4,8.0,48.0,6.1,3274.0,256.0,66119,2023.0,4,4,15.0
4,8.0,48.0,6.1,3274.0,256.0,66499,2023.0,4,4,15.0
4,8.0,48.0,6.1,3274.0,256.0,66832,2023.0,4,4,15.0
4,8.0,48.0,6.1,3274.0,256.0,66936,2023.0,4,4,15.0
4,8.0,48.0,6.1,3274.0,256.0,67083,2023.0,4,4,15.0
4,8.0,48.0,6.1,3274.0,256.0,67084,2023.0,4,4,15.0
4,8.0,48.0,6.1,3274.0,256.0,67459,2023.0,4,4,15.0
4,8.0,48.0,6.1,3274.0,256.0,67724,2023.0,4,4,15.0
4,8.0,48.0,6.1,3274.0,256.0,67800,2023.0,4,4,15.0
4,8.0,48.0,6.1,3274.0,256.0,68529,2023.0,4,4,15.0
4,8.0,48.0,6.1,3274.0,256.0,70649,2023.0,4,4,15.0
4,8.0,48.0,6.1,3274.0,256.0,71109,2023.0,4,4,15.0
4,8.0,48.0,6.1,3274.0,256.0,73099,2023.0,4,4,15.0
4,8.0,48.0,6.1,3274.0,256.0,73999,2023.0,4,4,15.0
4,8.0,48.0,6.1,3274.0,256.0,75099,2023.0,4,4,15.0
4,8.0,48.0,6.1,3274.0,256.0,75399,2023.0,4,4,15.0
4,8.0,48.0,6.1,3274.0,256.0,75999,2023.0,4,4,15.0
4,8.0,48.0,6.1,3274.0,256.0,76241,2023.0,3,4,15.0
4,8.0,48.0,6.1,3274.0,256.0,89999,2023.0,4,4,15.0
4,8.0,48.0,6.1,3274.0,1024.0,71345,2023.0,4,4,15.0
4,8.0,48.0,6.1,3274.0,1024.0,74900,2023.0,3,4,15.0
4,8.0,48.0,6.1,3274.0,1024.0,67999,2023.0,3,4,15.0
4,8.0,48.0,6.1,3274.0,1024.0,75775,2023.0,4,4,15.0
4,8.0,48.0,6.1,3274.0,1024.0,75999,2023.0,4,4,15.0
4,8.0,48.0,6.1,3274.0,1024.0,87699,2023.0,4,4,15.0
4,8.0,48.0,6.1,3274.0,1024.0,87999,2023.0,4,4,15.0
4,8.0,48.0,6.1,3274.0,128.0,61324,2023.0,4,4,15.0
4,8.0,48.0,6.1,3274.0,128.0,61379,2023.0,4,4,15.0
4,8.0,48.0,6.1,3274.0,128.0,58599,2023.0,3,4,15.0
4,8.0,48.0,6.1,3274.0,128.0,60099,2023.0,3,4,15.0
4,8.0,48.0,6.1,3274.0,128.0,60999,2023.0,4,4,15.0
4,8.0,48.0,6.1,3274.0,128.0,61799,2023.0,4,4,15.0
4,8.0,48.0,6.1,3274.0,128.0,61999,2023.0,4,4,15.0
4,8.0,48.0,6.1,3274.0,128.0,62199,2023.0,4,4,15.0
4,8.0,48.0,6.1,3274.0,128.0,63281,2023.0,4,4,15.0
4,8.0,48.0,6.1,3274.0,128.0,63363,2023.0,4,4,15.0
4,8.0,48.0,6.1,3274.0,128.0,63919,2023.0,4,4,15.0
4,8.0,48.0,6.1,3274.0,128.0,63919,2023.0,3,4,15.0
4,8.0,48.0,6.1,3274.0,128.0,63999,2023.0,4,4,15.0
4,8.0,48.0,6.1,3274.0,128.0,64454,2023.0,4,4,15.0
4,8.0,48.0,6.1,3274.0,128.0,64697,2023.0,4,4,15.0
4,8.0,48.0,6.1,3274.0,128.0,64999,2023.0,4,4,15.0
4,8.0,48.0,6.1,3274.0,128.0,65298,2023.0,3,4,15.0
4,8.0,48.0,6.1,3274.0,128.0,65451,2023.0,4,4,15.0
4,8.0,48.0,6.1,3274.0,128.0,66201,2023.0,4,4,15.0
4,8.0,48.0,6.1,3274.0,128.0,67016,2023.0,4,4,15.0
4,8.0,48.0,6.1,3274.0,128.0,67999,2023.0,4,4,15.0
4,8.0,48.0,6.1,3274.0,128.0,68999,2023.0,4,4,15.0
4,8.0,48.0,6.1,3274.0,128.0,71399,2023.0,4,4,15.0
4,8.0,48.0,6.1,3274.0,128.0,71999,2023.0,4,4,15.0
4,8.0,48.0,6.1,3274.0,128.0,88999,2023.0,4,4,15.0
4,6.0,48.0,6.7,4383.0,512.0,63529,2023.0,4,3,15.0
4,6.0,48.0,6.7,4383.0,512.0,67499,2023.0,4,3,15.0
4,6.0,48.0,6.7,4383.0,512.0,62570,2023.0,3,3,15.0
4,6.0,48.0,6.7,4383.0,512.0,69523,2023.0,4,3,15.0
4,6.0,48.0,6.7,4383.0,256.0,48849,2023.0,3,3,15.0
4,6.0,48.0,6.7,4383.0,256.0,48999,2023.0,4,3,15.0
4,6.0,48.0,6.7,4383.0,256.0,47899,2023.0,3,3,15.0
4,6.0,48.0,6.7,4383.0,256.0,48849,2023.0,4,3,15.0
4,6.0,48.0,6.7,4383.0,256.0,52999,2023.0,4,3,15.0
4,6.0,48.0,6.7,4383.0,256.0,54331,2023.0,4,3,15.0
4,6.0,48.0,6.7,4383.0,256.0,54575,2023.0,4,3,15.0
4,6.0,48.0,6.7,4383.0,256.0,54775,2023.0,4,3,15.0
4,6.0,48.0,6.7,4383.0,256.0,56808,2023.0,4,3,15.0
4,6.0,48.0,6.7,4383.0,256.0,57788,2023.0,4,3,15.0
4,6.0,48.0,6.7,4383.0,256.0,57999,2023.0,4,3,15.0
4,6.0,48.0,6.7,4383.0,256.0,58999,2023.0,4,3,15.0
4,6.0,48.0,6.7,4383.0,256.0,61399,2023.0,4,3,15.0
4,6.0,48.0,6.7,4383.0,256.0,61599,2023.0,4,3,15.0
4,6.0,48.0,6.7,4383.0,256.0,61699,2023.0,4,3,15.0
4,6.0,48.0,6.7,4383.0,256.0,61999,2023.0,4,3,15.0
4,6.0,48.0,6.1,3349.0,512.0,54964,2023.0,4,2,15.0
4,6.0,48.0,6.1,3349.0,512.0,56999,2023.0,4,2,15.0
4,6.0,48.0,6.1,3349.0,512.0,48949,2023.0,3,2,15.0
4,6.0,48.0,6.1,3349.0,512.0,58399,2023.0,4,2,15.0
4,6.0,48.0,6.1,3349.0,512.0,58699,2023.0,4,2,15.0
4,6.0,48.0,6.1,3349.0,512.0,60459,2023.0,4,2,15.0
4,6.0,48.0,6.1,3349.0,256.0,41932,2023.0,4,2,15.0
4,6.0,48.0,6.1,3349.0,256.0,42490,2023.0,4,2,15.0
4,6.0,48.0,6.1,3349.0,256.0,41040,2023.0,3,2,15.0
4,6.0,48.0,6.1,3349.0,256.0,43599,2023.0,3,2,15.0
4,6.0,48.0,6.1,3349.0,256.0,43599,2023.0,4,2,15.0
4,6.0,48.0,6.1,3349.0,256.0,44199,2023.0,4,2,15.0
4,6.0,48.0,6.1,3349.0,256.0,44609,2023.0,4,2,15.0
4,6.0,48.0,6.1,3349.0,256.0,44999,2023.0,4,2,15.0
4,6.0,48.0,6.1,3349.0,256.0,45799,2023.0,4,2,15.0
4,6.0,48.0,6.1,3349.0,256.0,46698,2023.0,4,2,15.0
4,6.0,48.0,6.1,3349.0,256.0,46699,2023.0,4,2,15.0
4,6.0,48.0,6.1,3349.0,256.0,46999,2023.0,4,2,15.0
4,6.0,48.0,6.1,3349.0,256.0,47831,2023.0,4,2,15.0
4,6.0,12.0,6.1,3274.0,256.0,48597,2022.0,4,2,14.0
4,6.0,48.0,6.1,3349.0,256.0,48597,2023.0,4,2,15.0
4,6.0,48.0,6.1,3349.0,256.0,48597,2023.0,3,2,15.0
4,6.0,48.0,6.1,3349.0,256.0,48899,2023.0,4,2,15.0
4,6.0,48.0,6.1,3349.0,256.0,48999,2023.0,4,2,15.0
4,6.0,48.0,6.1,3349.0,256.0,49819,2023.0,4,2,15.0
4,6.0,48.0,6.1,3349.0,256.0,50499,2023.0,4,2,15.0
4,6.0,48.0,6.1,3349.0,256.0,53899,2023.0,4,2,15.0
4,6.0,48.0,6.1,3349.0,256.0,54199,2023.0,4,2,15.0
4,6.0,48.0,6.1,3349.0,256.0,54499,2023.0,4,2,15.0
4,6.0,48.0,6.1,3349.0,128.0,39958,2023.0,4,2,15.0
4,6.0,48.0,6.1,3349.0,128.0,40198,2023.0,4,2,15.0
4,6.0,48.0,6.1,3349.0,128.0,39108,2023.0,3,2,15.0
4,6.0,48.0,6.1,3349.0,128.0,39749,2023.0,4,2,15.0
4,6.0,48.0,6.1,3349.0,128.0,40942,2023.0,4,2,15.0
4,6.0,48.0,6.1,3349.0,128.0,41048,2023.0,4,2,15.0
4,6.0,48.0,6.1,3349.0,128.0,41134,2023.0,4,2,15.0
4,6.0,48.0,6.1,3349.0,128.0,41199,2023.0,4,2,15.0
4,6.0,48.0,6.1,3349.0,128.0,41224,2023.0,3,2,15.0
4,6.0,48.0,6.1,3349.0,128.0,41224,2023.0,4,2,15.0
4,6.0,48.0,6.1,3349.0,128.0,41443,2023.0,4,2,15.0
4,6.0,48.0,6.1,3349.0,128.0,41593,2023.0,4,2,15.0
4,6.0,48.0,6.1,3349.0,128.0,41599,2023.0,4,2,15.0
4,6.0,48.0,6.1,3349.0,128.0,41599,2023.0,3,2,15.0
4,6.0,48.0,6.1,3349.0,128.0,42421,2023.0,4,2,15.0
4,6.0,48.0,6.1,3349.0,128.0,42449,2023.0,4,2,15.0
4,6.0,48.0,6.1,3349.0,128.0,42459,2023.0,4,2,15.0
4,6.0,48.0,6.1,3349.0,128.0,42465,2023.0,4,2,15.0
4,6.0,48.0,6.1,3349.0,128.0,42483,2023.0,4,2,15.0
4,6.0,48.0,6.1,3349.0,128.0,42766,2023.0,4,2,15.0
4,6.0,48.0,6.1,3349.0,128.0,43542,2023.0,4,2,15.0
4,6.0,48.0,6.1,3349.0,128.0,43779,2023.0,4,2,15.0
3,6.0,48.0,6.7,4323.0,512.0,57442,2022.0,3,5,14.0
3,6.0,48.0,6.7,4323.0,512.0,59999,2022.0,4,5,14.0
3,6.0,48.0,6.7,4323.0,512.0,56493,2022.0,3,5,14.0
3,6.0,48.0,6.7,4323.0,512.0,58949,2022.0,4,5,14.0
3,6.0,48.0,6.7,4323.0,512.0,59219,2022.0,4,5,14.0
3,6.0,48.0,6.7,4323.0,512.0,61594,2022.0,4,5,14.0
3,6.0,48.0,6.7,4323.0,512.0,61999,2022.0,4,5,14.0
3,6.0,48.0,6.7,4323.0,512.0,62799,2022.0,4,5,14.0
3,6.0,48.0,6.7,4323.0,512.0,62999,2022.0,4,5,14.0
3,6.0,48.0,6.7,4323.0,512.0,63167,2022.0,3,5,14.0
3,6.0,48.0,6.7,4323.0,512.0,67499,2022.0,4,5,14.0
3,6.0,48.0,6.7,4323.0,512.0,68999,2022.0,4,5,14.0
3,6.0,48.0,6.7,4323.0,512.0,69499,2022.0,4,5,14.0
3,6.0,48.0,6.7,4323.0,512.0,70999,2022.0,4,5,14.0
3,6.0,48.0,6.7,4323.0,512.0,70999,2022.0,3,5,14.0
3,6.0,48.0,6.7,4323.0,1024.0,57442,2022.0,4,5,14.0
3,6.0,48.0,6.7,4323.0,1024.0,61691,2022.0,3,5,14.0
3,6.0,48.0,6.7,4323.0,1024.0,55649,2022.0,3,5,14.0
3,6.0,48.0,6.7,4323.0,1024.0,62999,2022.0,4,5,14.0
3,6.0,48.0,6.7,4323.0,1024.0,64860,2022.0,3,5,14.0
3,6.0,48.0,6.7,4323.0,1024.0,66199,2022.0,3,5,14.0
3,6.0,48.0,6.7,4323.0,1024.0,68275,2022.0,4,5,14.0
3,6.0,48.0,6.7,4323.0,1024.0,69099,2022.0,3,5,14.0
3,6.0,48.0,6.7,4323.0,1024.0,71909,2022.0,4,5,14.0
3,6.0,48.0,6.7,4323.0,128.0,50684,2022.0,3,5,14.0
3,6.0,48.0,6.7,4323.0,128.0,52999,2022.0,3,5,14.0
3,6.0,48.0,6.7,4323.0,128.0,49913,2022.0,3,5,14.0
3,6.0,48.0,6.7,4323.0,128.0,51229,2022.0,4,5,14.0
3,6.0,48.0,6.7,4323.0,128.0,52599,2022.0,3,5,14.0
3,6.0,48.0,6.7,4323.0,128.0,52999,2022.0,4,5,14.0
3,6.0,48.0,6.7,4323.0,128.0,53203,2022.0,4,5,14.0
3,6.0,48.0,6.7,4323.0,128.0,54490,2022.0,4,5,14.0
3,6.0,48.0,6.7,4323.0,128.0,54599,2022.0,4,5,14.0
3,6.0,48.0,6.7,4323.0,128.0,54707,2022.0,4,5,14.0
3,6.0,48.0,6.7,4323.0,128.0,54707,2022.0,3,5,14.0
3,6.0,48.0,6.7,4323.0,128.0,55299,2022.0,4,5,14.0
3,6.0,48.0,6.7,4323.0,128.0,55885,2022.0,4,5,14.0
3,6.0,48.0,6.7,4323.0,128.0,55929,2022.0,3,5,14.0
3,6.0,48.0,6.7,4323.0,128.0,55999,2022.0,4,5,14.0
3,6.0,48.0,6.7,4323.0,128.0,56599,2022.0,4,5,14.0
3,6.0,48.0,6.7,4323.0,128.0,57335,2022.0,4,5,14.0
3,6.0,48.0,6.7,4323.0,128.0,57714,2022.0,4,5,14.0
3,6.0,48.0,6.7,4323.0,128.0,58158,2022.0,4,5,14.0
3,6.0,48.0,6.7,4323.0,128.0,59109,2022.0,3,5,14.0
3,6.0,48.0,6.7,4323.0,128.0,59453,2022.0,4,5,14.0
3,6.0,48.0,6.7,4323.0,128.0,59683,2022.0,4,5,14.0
3,6.0,48.0,6.7,4323.0,128.0,60090,2022.0,4,5,14.0
3,6.0,48.0,6.7,4323.0,128.0,62499,2022.0,4,5,14.0
3,6.0,48.0,6.7,4323.0,128.0,63049,2022.0,4,5,14.0
3,6.0,48.0,6.7,4323.0,128.0,83199,2022.0,4,5,14.0
3,6.0,48.0,6.1,3200.0,512.0,54999,2022.0,3,4,14.0
3,6.0,48.0,6.1,3200.0,512.0,55741,2022.0,4,4,14.0
3,6.0,48.0,6.1,3200.0,512.0,54799,2022.0,3,4,14.0
3,6.0,48.0,6.1,3200.0,512.0,56499,2022.0,4,4,14.0
3,6.0,48.0,6.1,3200.0,512.0,56643,2022.0,4,4,14.0
3,6.0,48.0,6.1,3200.0,512.0,56781,2022.0,4,4,14.0
3,6.0,48.0,6.1,3200.0,512.0,56999,2022.0,4,4,14.0
3,6.0,48.0,6.1,3200.0,512.0,58015,2022.0,4,4,14.0
3,6.0,48.0,6.1,3200.0,512.0,58499,2022.0,4,4,14.0
3,6.0,48.0,6.1,3200.0,512.0,59669,2022.0,4,4,14.0
3,6.0,48.0,6.1,3200.0,512.0,59999,2022.0,3,4,14.0
3,6.0,48.0,6.1,3200.0,512.0,60999,2022.0,3,4,14.0
3,6.0,48.0,6.1,3200.0,512.0,60999,2022.0,4,4,14.0
3,6.0,48.0,6.1,3200.0,512.0,61851,2022.0,4,4,14.0
3,6.0,48.0,6.1,3200.0,512.0,62999,2022.0,3,4,14.0
3,6.0,48.0,6.1,3200.0,512.0,62999,2022.0,4,4,14.0
3,6.0,48.0,6.1,3200.0,512.0,64858,2022.0,3,4,14.0
3,6.0,48.0,6.1,3200.0,512.0,65099,2022.0,4,4,14.0
3,6.0,48.0,6.1,3200.0,512.0,65499,2022.0,4,4,14.0
3,6.0,48.0,6.1,3200.0,512.0,65799,2022.0,4,4,14.0
5,8.0,48.0,6.9,4685.0,256.0,90116,2024.0,3,5,16.0
5,8.0,48.0,6.9,4685.0,256.0,91085,2024.0,4,5,16.0
5,8.0,48.0,6.9,4685.0,256.0,89999,2024.0,3,5,16.0
5,8.0,48.0,6.9,4685.0,256.0,93999,2024.0,4,5,16.0
5,8.0,48.0,6.9,4685.0,256.0,94995,2024.0,4,5,16.0
5,8.0,48.0,6.9,4685.0,256.0,94995,2024.0,3,5,16.0
5,8.0,48.0,6.9,4685.0,256.0,95738,2024.0,4,5,16.0
5,8.0,48.0,6.9,4685.0,256.0,96716,2024.0,4,5,16.0
5,8.0,48.0,6.9,4685.0,256.0,96898,2024.0,4,5,16.0
5,8.0,48.0,6.9,4685.0,256.0,96899,2024.0,4,5,16.0
5,8.0,48.0,6.9,4685.0,256.0,98163,2024.0,4,5,16.0
5,8.0,48.0,6.9,4685.0,256.0,106999,2024.0,4,5,16.0
3,6.0,48.0,6.1,3200.0,256.0,50330,2022.0,3,4,14.0
3,6.0,48.0,6.1,3200.0,256.0,51999,2022.0,4,4,14.0
3,6.0,48.0,6.1,3200.0,256.0,49913,2022.0,3,4,14.0
3,6.0,48.0,6.1,3200.0,256.0,50349,2022.0,3,4,14.0
3,6.0,48.0,6.1,3200.0,256.0,51887,2022.0,4,4,14.0
3,6.0,48.0,6.1,3200.0,256.0,52049,2022.0,4,4,14.0
3,6.0,48.0,6.1,3200.0,256.0,52049,2022.0,3,4,14.0
3,6.0,48.0,6.1,3200.0,256.0,53099,2022.0,4,4,14.0
3,6.0,48.0,6.1,3200.0,256.0,53188,2022.0,4,4,14.0
3,6.0,48.0,6.1,3200.0,256.0,53188,2022.0,3,4,14.0
3,6.0,48.0,6.1,3200.0,256.0,53550,2022.0,4,4,14.0
3,6.0,48.0,6.1,3200.0,256.0,53579,2022.0,4,4,14.0
3,6.0,48.0,6.1,3200.0,256.0,53898,2022.0,4,4,14.0
3,6.0,48.0,6.1,3200.0,256.0,54173,2022.0,4,4,14.0
3,6.0,48.0,6.1,3200.0,256.0,54537,2022.0,4,4,14.0
3,6.0,48.0,6.1,3200.0,256.0,54998,2022.0,4,4,14.0
3,6.0,48.0,6.1,3200.0,256.0,55118,2022.0,4,4,14.0
3,6.0,48.0,6.1,3200.0,256.0,55129,2022.0,4,4,14.0
3,6.0,48.0,6.1,3200.0,256.0,55199,2022.0,4,4,14.0
3,6.0,48.0,6.1,3200.0,256.0,55502,2022.0,4,4,14.0
3,6.0,48.0,6.1,3200.0,256.0,57999,2022.0,4,4,14.0
3,6.0,48.0,6.1,3200.0,256.0,58199,2022.0,4,4,14.0
3,6.0,48.0,6.1,3200.0,256.0,62399,2022.0,4,4,14.0
3,6.0,48.0,6.1,3200.0,256.0,63699,2022.0,4,4,14.0
3,6.0,48.0,6.1,3200.0,256.0,74199,2022.0,4,4,14.0
3,6.0,48.0,6.1,3200.0,1024.0,59999,2022.0,4,4,14.0
3,6.0,48.0,6.1,3200.0,1024.0,62849,2022.0,3,4,14.0
3,6.0,48.0,6.1,3200.0,1024.0,59219,2022.0,3,4,14.0
3,6.0,48.0,6.1,3200.0,1024.0,60099,2022.0,4,4,14.0
3,6.0,48.0,6.1,3200.0,1024.0,62849,2022.0,4,4,14.0
3,6.0,48.0,6.1,3200.0,1024.0,64099,2022.0,3,4,14.0
3,6.0,48.0,6.1,3200.0,1024.0,64099,2022.0,4,4,14.0
3,6.0,48.0,6.1,3200.0,1024.0,64376,2022.0,4,4,14.0
3,6.0,48.0,6.1,3200.0,1024.0,66912,2022.0,3,4,14.0
3,6.0,48.0,6.1,3200.0,1024.0,68000,2022.0,4,4,14.0
3,6.0,48.0,6.1,3200.0,1024.0,68399,2022.0,4,4,14.0
3,6.0,48.0,6.1,3200.0,1024.0,69699,2022.0,4,4,14.0
3,6.0,48.0,6.1,3200.0,1024.0,69999,2022.0,3,4,14.0
3,6.0,48.0,6.1,3200.0,128.0,49834,2022.0,3,4,14.0
3,6.0,48.0,6.1,3200.0,128.0,49913,2022.0,3,4,14.0
3,6.0,48.0,6.1,3200.0,128.0,49236,2022.0,3,4,14.0
3,6.0,48.0,6.1,3200.0,128.0,49599,2022.0,3,4,14.0
3,6.0,48.0,6.1,3200.0,128.0,49913,2022.0,4,4,14.0
3,6.0,48.0,6.1,3200.0,128.0,49999,2022.0,4,4,14.0
3,6.0,48.0,6.1,3200.0,128.0,50759,2022.0,4,4,14.0
3,6.0,48.0,6.1,3200.0,128.0,50949,2022.0,4,4,14.0
3,6.0,48.0,6.1,3200.0,128.0,51495,2022.0,4,4,14.0
3,6.0,48.0,6.1,3200.0,128.0,51567,2022.0,4,4,14.0
3,6.0,48.0,6.1,3200.0,128.0,51699,2022.0,3,4,14.0
3,6.0,48.0,6.1,3200.0,128.0,51989,2022.0,4,4,14.0
3,6.0,48.0,6.1,3200.0,128.0,52310,2022.0,4,4,14.0
3,6.0,48.0,6.1,3200.0,128.0,52379,2022.0,4,4,14.0
3,6.0,48.0,6.1,3200.0,128.0,52499,2022.0,4,4,14.0
3,6.0,48.0,6.1,3200.0,128.0,52554,2022.0,4,4,14.0
3,6.0,48.0,6.1,3200.0,128.0,52757,2022.0,4,4,14.0
3,6.0,48.0,6.1,3200.0,128.0,52797,2022.0,4,4,14.0
3,6.0,48.0,6.1,3200.0,128.0,52961,2022.0,4,4,14.0
3,6.0,48.0,6.1,3200.0,128.0,53349,2022.0,4,4,14.0
3,6.0,48.0,6.1,3200.0,128.0,53559,2022.0,4,4,14.0
3,6.0,48.0,6.1,3200.0,128.0,53872,2022.0,4,4,14.0
3,6.0,48.0,6.1,3200.0,128.0,54149,2022.0,4,4,14.0
3,6.0,48.0,6.1,3200.0,128.0,59169,2022.0,4,4,14.0
3,6.0,48.0,6.1,3200.0,128.0,59399,2022.0,4,4,14.0
3,6.0,48.0,6.1,3200.0,128.0,72199,2022.0,3,4,14.0
3,6.0,12.0,6.7,4323.0,128.0,35390,2022.0,4,3,14.0
3,6.0,12.0,6.7,4323.0,128.0,35897,2022.0,4,3,14.0
3,6.0,12.0,6.7,4323.0,128.0,34899,2022.0,3,3,14.0
3,6.0,12.0,6.7,4323.0,128.0,36288,2022.0,4,3,14.0
3,6.0,12.0,6.7,4323.0,128.0,36677,2022.0,4,3,14.0
3,6.0,12.0,6.7,4323.0,128.0,36762,2022.0,4,3,14.0
3,6.0,12.0,6.7,4323.0,128.0,37072,2022.0,4,3,14.0
3,6.0,12.0,6.7,4323.0,128.0,37129,2022.0,4,3,14.0
3,6.0,12.0,6.7,4323.0,128.0,37674,2022.0,4,3,14.0
3,6.0,12.0,6.7,4323.0,128.0,37829,2022.0,4,3,14.0
3,6.0,12.0,6.7,4323.0,128.0,37896,2022.0,4,3,14.0
3,6.0,12.0,6.7,4323.0,128.0,37899,2022.0,4,3,14.0
3,6.0,12.0,6.7,4323.0,128.0,38661,2022.0,4,3,14.0
3,6.0,12.0,6.7,4323.0,128.0,38749,2022.0,4,3,14.0
3,6.0,12.0,6.7,4323.0,128.0,39499,2022.0,4,3,14.0
3,6.0,12.0,6.7,4323.0,128.0,44619,2022.0,4,3,14.0
3,6.0,12.0,6.7,4323.0,128.0,56999,2022.0,4,3,14.0
3,6.0,12.0,6.1,3279.0,128.0,33735,2022.0,4,2,14.0
3,6.0,12.0,6.1,3279.0,128.0,34694,2022.0,4,2,14.0
3,6.0,12.0,6.1,3279.0,128.0,32998,2022.0,3,2,14.0
3,6.0,12.0,6.1,3279.0,128.0,33399,2022.0,4,2,14.0
3,6.0,12.0,6.1,3279.0,128.0,33609,2022.0,4,2,14.0
3,6.0,12.0,6.1,3279.0,128.0,34648,2022.0,4,2,14.0
3,6.0,12.0,6.1,3279.0,128.0,34649,2022.0,4,2,14.0
3,6.0,12.0,6.1,3279.0,128.0,34779,2022.0,4,2,14.0
3,6.0,12.0,6.1,3279.0,128.0,35009,2022.0,4,2,14.0
3,6.0,12.0,6.1,3279.0,128.0,35155,2022.0,4,2,14.0
3,6.0,12.0,6.1,3279.0,128.0,35299,2022.0,4,2,14.0
3,6.0,12.0,6.1,3279.0,128.0,35394,2022.0,4,2,14.0
3,6.0,12.0,6.1,3279.0,128.0,35671,2022.0,4,2,14.0
3,6.0,12.0,6.1,3279.0,128.0,35690,2022.0,4,2,14.0
3,6.0,12.0,6.1,3279.0,128.0,35889,2022.0,4,2,14.0
3,6.0,12.0,6.1,3279.0,128.0,35999,2022.0,4,2,14.0
3,6.0,12.0,6.1,3279.0,128.0,36422,2022.0,4,2,14.0
3,6.0,12.0,6.1,3279.0,128.0,36677,2022.0,4,2,14.0
3,6.0,12.0,6.1,3279.0,128.0,37099,2022.0,4,2,14.0
3,6.0,12.0,6.1,3279.0,128.0,37599,2022.0,4,2,14.0
3,6.0,12.0,6.1,3279.0,128.0,37833,2022.0,4,2,14.0
3,6.0,12.0,6.1,3279.0,128.0,39399,2022.0,4,2,14.0
3,6.0,12.0,6.1,3279.0,128.0,40999,2022.0,4,2,14.0
3,6.0,12.0,6.1,3279.0,128.0,46199,2022.0,4,2,14.0
2,6.0,12.0,6.7,4352.0,1024.0,53999,2021.0,4,5,13.0
2,6.0,12.0,6.7,4352.0,1024.0,55905,2021.0,4,5,13.0
2,6.0,12.0,6.7,4352.0,1024.0,51999,2021.0,3,5,13.0
2,6.0,12.0,6.7,4352.0,1024.0,52999,2021.0,3,5,13.0
2,6.0,12.0,6.7,4352.0,1024.0,54240,2021.0,4,5,13.0
2,6.0,12.0,6.7,4352.0,1024.0,54683,2021.0,4,5,13.0
2,6.0,12.0,6.7,4352.0,1024.0,59236,2021.0,4,5,13.0
2,6.0,12.0,6.7,4352.0,1024.0,59399,2021.0,4,5,13.0
2,6.0,12.0,6.7,4352.0,1024.0,60699,2021.0,4,5,13.0
2,6.0,12.0,6.7,4352.0,1024.0,61109,2021.0,4,5,13.0
2,6.0,12.0,6.7,4352.0,1024.0,62399,2021.0,4,5,13.0
2,6.0,12.0,6.7,4352.0,1024.0,62699,2021.0,4,5,13.0
2,6.0,12.0,6.7,4352.0,256.0,44085,2021.0,4,5,13.0
2,6.0,12.0,6.7,4352.0,256.0,45941,2021.0,3,5,13.0
2,6.0,12.0,6.7,4352.0,256.0,40999,2021.0,3,5,13.0
2,6.0,12.0,6.7,4352.0,256.0,42999,2021.0,3,5,13.0
2,6.0,12.0,6.7,4352.0,256.0,44085,2021.0,3,5,13.0
2,6.0,12.0,6.7,4352.0,256.0,46399,2021.0,4,5,13.0
2,6.0,12.0,6.7,4352.0,256.0,46899,2021.0,4,5,13.0
2,6.0,12.0,6.7,4352.0,256.0,46999,2021.0,4,5,13.0
2,6.0,12.0,6.7,4352.0,256.0,47589,2021.0,4,5,13.0
2,6.0,12.0,6.7,4352.0,256.0,47939,2021.0,3,5,13.0
2,6.0,12.0,6.7,4352.0,256.0,48799,2021.0,4,5,13.0
2,6.0,12.0,6.7,4352.0,256.0,48879,2021.0,4,5,13.0
2,6.0,12.0,6.7,4352.0,256.0,48999,2021.0,4,5,13.0
2,6.0,12.0,6.7,4352.0,256.0,49292,2021.0,4,5,13.0
2,6.0,12.0,6.7,4352.0,256.0,49999,2021.0,4,5,13.0
2,6.0,12.0,6.7,4352.0,256.0,50439,2021.0,4,5,13.0
2,6.0,12.0,6.7,4352.0,256.0,51199,2021.0,4,5,13.0
2,6.0,12.0,6.7,4352.0,256.0,51999,2021.0,4,5,13.0
2,6.0,12.0,6.7,4352.0,256.0,52437,2021.0,4,5,13.0
2,6.0,12.0,6.7,4352.0,256.0,52599,2021.0,4,5,13.0
2,6.0,12.0,6.7,4352.0,256.0,53367,2021.0,4,5,13.0
2,6.0,12.0,6.7,4352.0,256.0,55289,2021.0,4,5,13.0
2,6.0,12.0,6.7,4352.0,256.0,65699,2021.0,4,5,13.0
2,6.0,12.0,6.7,4352.0,128.0,42033,2021.0,3,5,13.0
2,6.0,12.0,6.7,4352.0,128.0,42581,2021.0,3,5,13.0
2,6.0,12.0,6.7,4352.0,128.0,37998,2021.0,3,5,13.0
2,6.0,12.0,6.7,4352.0,128.0,42399,2021.0,4,5,13.0
2,6.0,12.0,6.7,4352.0,128.0,43333,2021.0,4,5,13.0
2,6.0,12.0,6.7,4352.0,128.0,44716,2021.0,4,5,13.0
2,6.0,12.0,6.7,4352.0,128.0,45089,2021.0,4,5,13.0
2,6.0,12.0,6.7,4352.0,128.0,45119,2021.0,4,5,13.0
2,6.0,12.0,6.7,4352.0,128.0,45119,2021.0,3,5,13.0
2,6.0,12.0,6.7,4352.0,128.0,45401,2021.0,4,5,13.0
2,6.0,12.0,6.7,4352.0,128.0,45849,2021.0,4,5,13.0
2,6.0,12.0,6.7,4352.0,128.0,45899,2021.0,4,5,13.0
2,6.0,12.0,6.7,4352.0,128.0,46099,2021.0,4,5,13.0
2,6.0,12.0,6.7,4352.0,128.0,46367,2021.0,4,5,13.0
2,6.0,12.0,6.7,4352.0,128.0,46559,2021.0,4,5,13.0
2,6.0,12.0,6.7,4352.0,128.0,47939,2021.0,4,5,13.0
2,6.0,12.0,6.7,4352.0,128.0,47999,2021.0,4,5,13.0
2,6.0,12.0,6.7,4352.0,128.0,49469,2021.0,4,5,13.0
2,6.0,12.0,6.7,4352.0,128.0,50914,2021.0,4,5,13.0
2,6.0,12.0,6.7,4352.0,128.0,52951,2021.0,4,5,13.0
2,6.0,12.0,6.7,4352.0,128.0,53349,2021.0,4,5,13.0
2,6.0,12.0,6.7,4352.0,128.0,53399,2021.0,4,5,13.0
2,6.0,12.0,6.7,4352.0,128.0,64699,2021.0,3,5,13.0
2,6.0,12.0,6.1,3095.0,1024.0,45485,2021.0,4,4,13.0
2,6.0,12.0,6.1,3095.0,1024.0,46090,2021.0,4,4,13.0
2,6.0,12.0,6.1,3095.0,1024.0,44517,2021.0,3,4,13.0
2,6.0,12.0,6.1,3095.0,1024.0,45777,2021.0,4,4,13.0
2,6.0,12.0,6.1,3095.0,1024.0,45999,2021.0,3,4,13.0
2,6.0,12.0,6.1,3095.0,1024.0,46599,2021.0,4,4,13.0
2,6.0,12.0,6.1,3095.0,1024.0,47469,2021.0,4,4,13.0
2,6.0,12.0,6.1,3095.0,1024.0,48299,2021.0,4,4,13.0
2,6.0,12.0,6.1,3095.0,1024.0,48699,2021.0,4,4,13.0
2,6.0,12.0,6.1,3095.0,1024.0,48879,2021.0,4,4,13.0
2,6.0,12.0,6.1,3095.0,1024.0,51999,2021.0,3,4,13.0
2,6.0,12.0,6.1,3095.0,1024.0,55699,2021.0,4,4,13.0
2,6.0,12.0,6.1,3095.0,512.0,42872,2021.0,4,4,13.0
2,6.0,12.0,6.1,3095.0,512.0,44199,2021.0,4,4,13.0
2,6.0,12.0,6.1,3095.0,512.0,41547,2021.0,3,4,13.0
2,6.0,12.0,6.1,3095.0,512.0,44837,2021.0,4,4,13.0
2,6.0,12.0,6.1,3095.0,512.0,46099,2021.0,4,4,13.0
2,6.0,12.0,6.1,3095.0,512.0,46199,2021.0,4,4,13.0
2,6.0,12.0,6.1,3095.0,512.0,46999,2021.0,4,4,13.0
2,6.0,12.0,6.1,3095.0,512.0,47599,2021.0,4,4,13.0
2,6.0,12.0,6.1,3095.0,512.0,49999,2021.0,4,4,13.0
2,6.0,12.0,6.1,3095.0,512.0,51599,2021.0,4,4,13.0
2,6.0,12.0,6.1,3095.0,512.0,51899,2021.0,3,4,13.0
2,6.0,12.0,6.1,3095.0,512.0,51899,2021.0,4,4,13.0
2,6.0,12.0,6.1,3095.0,512.0,53199,2021.0,4,4,13.0
2,6.0,12.0,6.1,3095.0,512.0,53199,2021.0,3,4,13.0
2,6.0,12.0,6.1,3095.0,512.0,54199,2021.0,4,4,13.0
5,8.0,48.0,6.3,3582.0,256.0,87999,2024.0,4,4,16.0
5,8.0,48.0,6.3,3582.0,256.0,83699,2024.0,3,4,16.0
5,8.0,48.0,6.3,3582.0,256.0,99999,2024.0,4,4,16.0
2,6.0,12.0,6.1,3095.0,256.0,40607,2021.0,4,4,13.0
2,6.0,12.0,6.1,3095.0,256.0,41030,2021.0,3,4,13.0
2,6.0,12.0,6.1,3095.0,256.0,40499,2021.0,3,4,13.0
2,6.0,12.0,6.1,3095.0,256.0,42399,2021.0,3,4,13.0
2,6.0,12.0,6.1,3095.0,256.0,43022,2021.0,3,4,13.0
2,6.0,12.0,6.1,3095.0,256.0,43199,2021.0,4,4,13.0
2,6.0,12.0,6.1,3095.0,256.0,43333,2021.0,4,4,13.0
2,6.0,12.0,6.1,3095.0,256.0,43333,2021.0,3,4,13.0
2,6.0,12.0,6.1,3095.0,256.0,43590,2021.0,4,4,13.0
2,6.0,12.0,6.1,3095.0,256.0,43649,2021.0,4,4,13.0
2,6.0,12.0,6.1,3095.0,256.0,43683,2021.0,4,4,13.0
2,6.0,12.0,6.1,3095.0,256.0,44199,2021.0,4,4,13.0
2,6.0,12.0,6.1,3095.0,256.0,44699,2021.0,4,4,13.0
2,6.0,12.0,6.1,3095.0,256.0,44749,2021.0,4,4,13.0
2,6.0,12.0,6.1,3095.0,256.0,44799,2021.0,4,4,13.0
2,6.0,12.0,6.1,3095.0,256.0,45119,2021.0,4,4,13.0
2,6.0,12.0,6.1,3095.0,256.0,45119,2021.0,3,4,13.0
2,6.0,12.0,6.1,3095.0,256.0,45769,2021.0,4,4,13.0
2,6.0,12.0,6.1,3095.0,256.0,46099,2021.0,4,4,13.0
2,6.0,12.0,6.1,3095.0,256.0,46559,2021.0,4,4,13.0
2,6.0,12.0,6.1,3095.0,256.0,47562,2021.0,4,4,13.0
2,6.0,12.0,6.1,3095.0,256.0,47599,2021.0,4,4,13.0
2,6.0,12.0,6.1,3095.0,256.0,49262,2021.0,4,4,13.0
2,6.0,12.0,6.1,3095.0,256.0,49999,2021.0,4,4,13.0
2,6.0,12.0,6.1,3095.0,256.0,50199,2021.0,4,4,13.0
2,6.0,12.0,6.1,3095.0,256.0,50399,2021.0,4,4,13.0
2,6.0,12.0,6.1,3095.0,256.0,50759,2021.0,4,4,13.0
2,6.0,12.0,6.1,3095.0,256.0,63399,2021.0,3,4,13.0
2,6.0,12.0,6.1,3095.0,128.0,38721,2021.0,4,4,13.0
2,6.0,12.0,6.1,3095.0,128.0,40325,2021.0,3,4,13.0
2,6.0,12.0,6.1,3095.0,128.0,36999,2021.0,3,4,13.0
2,6.0,12.0,6.1,3095.0,128.0,40325,2021.0,4,4,13.0
2,6.0,12.0,6.1,3095.0,128.0,40607,2021.0,4,4,13.0
2,6.0,12.0,6.1,3095.0,128.0,40983,2021.0,3,4,13.0
2,6.0,12.0,6.1,3095.0,128.0,41199,2021.0,4,4,13.0
2,6.0,12.0,6.1,3095.0,128.0,41359,2021.0,4,4,13.0
2,6.0,12.0,6.1,3095.0,128.0,41485,2021.0,4,4,13.0
2,6.0,12.0,6.1,3095.0,128.0,41799,2021.0,4,4,13.0
2,6.0,12.0,6.1,3095.0,128.0,42499,2021.0,4,4,13.0
2,6.0,12.0,6.1,3095.0,128.0,42599,2021.0,4,4,13.0
2,6.0,12.0,6.1,3095.0,128.0,43099,2021.0,4,4,13.0
2,6.0,12.0,6.1,3095.0,128.0,43649,2021.0,4,4,13.0
2,6.0,12.0,6.1,3095.0,128.0,43669,2021.0,4,4,13.0
2,6.0,12.0,6.1,3095.0,128.0,47529,2021.0,4,4,13.0
2,6.0,12.0,6.1,3095.0,128.0,48399,2021.0,4,4,13.0
2,6.0,12.0,6.1,3095.0,128.0,49699,2021.0,4,4,13.0
2,6.0,12.0,6.1,3095.0,128.0,49999,2021.0,4,4,13.0
2,6.0,12.0,6.1,3095.0,128.0,61199,2021.0,3,4,13.0
2,4.0,12.0,5.4,2438.0,256.0,26695,2021.0,3,1,13.0
2,4.0,12.0,5.4,2438.0,256.0,29364,2021.0,4,1,13.0
2,4.0,12.0,5.4,2438.0,256.0,24999,2021.0,3,1,13.0
2,4.0,12.0,5.4,2438.0,256.0,27888,2021.0,3,1,13.0
2,4.0,12.0,5.4,2438.0,256.0,28399,2021.0,4,1,13.0
2,4.0,12.0,5.4,2438.0,256.0,29749,2021.0,4,1,13.0
2,4.0,12.0,5.4,2438.0,256.0,29899,2021.0,4,1,13.0
2,4.0,12.0,5.4,2438.0,256.0,31299,2021.0,4,1,13.0
2,4.0,12.0,5.4,2438.0,128.0,23499,2021.0,3,1,13.0
2,4.0,12.0,5.4,2438.0,128.0,23687,2021.0,3,1,13.0
2,4.0,12.0,5.4,2438.0,128.0,23486,2021.0,3,1,13.0
2,4.0,12.0,5.4,2438.0,128.0,23662,2021.0,4,1,13.0
2,4.0,12.0,5.4,2438.0,128.0,23687,2021.0,4,1,13.0
2,4.0,12.0,5.4,2438.0,128.0,24599,2021.0,4,1,13.0
2,4.0,12.0,5.4,2438.0,128.0,25098,2021.0,3,1,13.0
2,4.0,12.0,5.4,2438.0,128.0,25099,2021.0,4,1,13.0
2,4.0,12.0,5.4,2438.0,128.0,25569,2021.0,4,1,13.0
2,4.0,12.0,5.4,2438.0,128.0,25783,2021.0,4,1,13.0
2,4.0,12.0,5.4,2438.0,128.0,26599,2021.0,4,1,13.0
2,4.0,12.0,5.4,2438.0,128.0,26999,2021.0,4,1,13.0
2,4.0,12.0,5.4,2438.0,128.0,27499,2021.0,4,1,13.0
2,4.0,12.0,5.4,2438.0,128.0,27699,2021.0,4,1,13.0
2,4.0,12.0,5.4,2438.0,128.0,28199,2021.0,4,1,13.0
2,4.0,12.0,5.4,2438.0,128.0,29139,2021.0,3,1,13.0
2,4.0,12.0,5.4,2438.0,128.0,29139,2021.0,4,1,13.0
2,4.0,12.0,5.4,2438.0,128.0,29262,2021.0,4,1,13.0
2,4.0,12.0,5.4,2438.0,128.0,29599,2021.0,4,1,13.0
2,4.0,12.0,5.4,2438.0,128.0,29899,2021.0,4,1,13.0
2,4.0,12.0,5.4,2438.0,128.0,30199,2021.0,4,1,13.0
2,4.0,12.0,5.4,2438.0,128.0,30420,2021.0,4,1,13.0
2,4.0,12.0,5.4,2438.0,128.0,30499,2021.0,4,1,13.0
2,4.0,12.0,6.1,3240.0,512.0,31489,2021.0,3,2,13.0
2,4.0,12.0,6.1,3240.0,512.0,32429,2021.0,4,2,13.0
2,4.0,12.0,6.1,3240.0,512.0,30038,2021.0,3,2,13.0
2,4.0,12.0,6.1,3240.0,512.0,33059,2021.0,4,2,13.0
2,4.0,12.0,6.1,3240.0,512.0,33933,2021.0,4,2,13.0
2,4.0,12.0,6.1,3240.0,512.0,33999,2021.0,4,2,13.0
2,4.0,12.0,6.1,3240.0,512.0,34591,2021.0,3,2,13.0
2,4.0,12.0,6.1,3240.0,512.0,34591,2021.0,4,2,13.0
2,4.0,12.0,6.1,3240.0,512.0,34899,2021.0,4,2,13.0
2,4.0,12.0,6.1,3240.0,512.0,36099,2021.0,4,2,13.0
2,4.0,12.0,6.1,3240.0,512.0,36799,2021.0,4,2,13.0
2,4.0,12.0,6.1,3240.0,256.0,28875,2021.0,4,2,13.0
2,4.0,12.0,6.1,3240.0,256.0,29099,2021.0,4,2,13.0
2,4.0,12.0,6.1,3240.0,256.0,28264,2021.0,3,2,13.0
2,4.0,12.0,6.1,3240.0,256.0,28875,2021.0,3,2,13.0
2,4.0,12.0,6.1,3240.0,256.0,28879,2021.0,3,2,13.0
2,4.0,12.0,6.1,3240.0,256.0,29139,2021.0,4,2,13.0
2,4.0,12.0,6.1,3240.0,256.0,29535,2021.0,4,2,13.0
2,4.0,12.0,6.1,3240.0,256.0,29535,2021.0,3,2,13.0
2,4.0,12.0,6.1,3240.0,256.0,29599,2021.0,4,2,13.0
2,4.0,12.0,6.1,3240.0,256.0,29740,2021.0,4,2,13.0
2,4.0,12.0,6.1,3240.0,256.0,29990,2021.0,4,2,13.0
2,4.0,12.0,6.1,3240.0,256.0,30141,2021.0,4,2,13.0
2,4.0,12.0,6.1,3240.0,256.0,30361,2021.0,4,2,13.0
2,4.0,12.0,6.1,3240.0,256.0,30449,2021.0,4,2,13.0
2,4.0,12.0,6.1,3240.0,256.0,30544,2021.0,4,2,13.0
2,4.0,12.0,6.1,3240.0,256.0,32387,2021.0,4,2,13.0
2,4.0,12.0,6.1,3240.0,256.0,34946,2021.0,4,2,13.0
2,4.0,12.0,6.1,3240.0,256.0,36735,2021.0,4,2,13.0
2,4.0,12.0,6.1,3240.0,256.0,37399,2021.0,4,2,13.0
2,4.0,12.0,6.1,3240.0,128.0,24617,2021.0,4,2,13.0
2,4.0,12.0,6.1,3240.0,128.0,24890,2021.0,3,2,13.0
2,4.0,12.0,6.1,3240.0,128.0,24599,2021.0,3,2,13.0
2,4.0,12.0,6.1,3240.0,128.0,25379,2021.0,4,2,13.0
2,4.0,12.0,6.1,3240.0,128.0,25473,2021.0,3,2,13.0
2,4.0,12.0,6.1,3240.0,128.0,25473,2021.0,4,2,13.0
2,4.0,12.0,6.1,3240.0,128.0,25490,2021.0,3,2,13.0
2,4.0,12.0,6.1,3240.0,128.0,25490,2021.0,4,2,13.0
2,4.0,12.0,6.1,3240.0,128.0,25519,2021.0,4,2,13.0
2,4.0,12.0,6.1,3240.0,128.0,25849,2021.0,4,2,13.0
2,4.0,12.0,6.1,3240.0,128.0,25989,2021.0,4,2,13.0
2,4.0,12.0,6.1,3240.0,128.0,26037,2021.0,4,2,13.0
2,4.0,12.0,6.1,3240.0,128.0,26189,2021.0,4,2,13.0
2,4.0,12.0,6.1,3240.0,128.0,26538,2021.0,4,2,13.0
2,4.0,12.0,6.1,3240.0,128.0,26577,2021.0,4,2,13.0
2,4.0,12.0,6.1,3240.0,128.0,27099,2021.0,4,2,13.0
2,4.0,12.0,6.1,3240.0,256.0,32999,2021.0,4,2,13.0
5,8.0,48.0,6.1,3561.0,128.0,63239,2024.0,4,2,16.0
5,8.0,48.0,6.1,3561.0,128.0,65999,2024.0,4,2,16.0
5,8.0,48.0,6.1,3561.0,128.0,59900,2024.0,3,2,16.0
4,8.0,48.0,6.7,4441.0,256.0,69749,2023.0,4,5,15.0
1,4.0,12.0,5.4,2227.0,256.0,20296,2020.0,3,1,12.0
1,4.0,12.0,5.4,2227.0,256.0,20679,2020.0,3,1,12.0
1,4.0,12.0,5.4,2227.0,256.0,18499,2020.0,3,1,12.0
1,4.0,12.0,5.4,2227.0,256.0,22559,2020.0,4,1,12.0
1,4.0,12.0,5.4,2227.0,256.0,22799,2020.0,4,1,12.0
1,4.0,12.0,5.4,2227.0,256.0,22899,2020.0,4,1,12.0
1,4.0,12.0,5.4,2227.0,128.0,17999,2020.0,3,1,12.0
1,4.0,12.0,5.4,2227.0,128.0,18338,2020.0,4,1,12.0
1,4.0,12.0,5.4,2227.0,128.0,17948,2020.0,3,1,12.0
1,4.0,12.0,5.4,2227.0,128.0,18099,2020.0,4,1,12.0
1,4.0,12.0,5.4,2227.0,128.0,18601,2020.0,3,1,12.0
1,4.0,12.0,5.4,2227.0,128.0,19039,2020.0,4,1,12.0
1,4.0,12.0,5.4,2227.0,128.0,19269,2020.0,4,1,12.0
1,4.0,12.0,5.4,2227.0,128.0,19325,2020.0,4,1,12.0
1,4.0,12.0,5.4,2227.0,128.0,19325,2020.0,3,1,12.0
1,4.0,12.0,5.4,2227.0,128.0,19499,2020.0,4,1,12.0
1,4.0,12.0,5.4,2227.0,128.0,20209,2020.0,4,1,12.0
1,4.0,12.0,5.4,2227.0,128.0,20321,2020.0,4,1,12.0
1,4.0,12.0,5.4,2227.0,128.0,20899,2020.0,4,1,12.0
1,4.0,12.0,5.4,2227.0,128.0,21619,2020.0,4,1,12.0
1,4.0,12.0,5.4,2227.0,64.0,15713,2020.0,3,1,12.0
1,4.0,12.0,5.4,2227.0,64.0,15955,2020.0,3,1,12.0
1,4.0,12.0,5.4,2227.0,64.0,14945,2020.0,3,1,12.0
1,4.0,12.0,5.4,2227.0,64.0,15509,2020.0,3,1,12.0
1,4.0,12.0,5.4,2227.0,64.0,15979,2020.0,4,1,12.0
1,4.0,12.0,5.4,2227.0,64.0,16199,2020.0,4,1,12.0
1,4.0,12.0,5.4,2227.0,64.0,16392,2020.0,4,1,12.0
1,4.0,12.0,5.4,2227.0,64.0,16449,2020.0,4,1,12.0
1,4.0,12.0,5.4,2227.0,64.0,16586,2020.0,4,1,12.0
1,4.0,12.0,5.4,2227.0,64.0,16843,2020.0,4,1,12.0
1,4.0,12.0,5.4,2227.0,64.0,16899,2020.0,4,1,12.0
1,4.0,12.0,5.4,2227.0,64.0,16974,2020.0,4,1,12.0
1,4.0,12.0,5.4,2227.0,64.0,17107,2020.0,4,1,12.0
1,4.0,12.0,5.4,2227.0,64.0,17499,2020.0,4,1,12.0
1,4.0,12.0,5.4,2227.0,64.0,17565,2020.0,4,1,12.0
1,4.0,12.0,5.4,2227.0,64.0,18699,2020.0,4,1,12.0
1,4.0,12.0,5.4,2227.0,64.0,19999,2020.0,4,1,12.0
1,6.0,12.0,6.7,3687.0,512.0,34999,2020.0,3,5,12.0
1,6.0,12.0,6.7,3687.0,512.0,35559,2020.0,4,5,12.0
1,6.0,12.0,6.7,3687.0,512.0,33839,2020.0,3,5,12.0
1,6.0,12.0,6.7,3687.0,512.0,34999,2020.0,4,5,12.0
1,6.0,12.0,6.7,3687.0,512.0,36659,2020.0,4,5,12.0
1,6.0,12.0,6.7,3687.0,512.0,36677,2020.0,4,5,12.0
1,6.0,12.0,6.7,3687.0,512.0,38698,2020.0,4,5,12.0
1,6.0,12.0,6.7,3687.0,512.0,38999,2020.0,4,5,12.0
1,6.0,12.0,6.7,3687.0,512.0,41999,2020.0,4,5,12.0
1,6.0,12.0,6.7,3687.0,256.0,31724,2020.0,4,5,12.0
1,6.0,12.0,6.7,3687.0,256.0,32949,2020.0,4,5,12.0
1,6.0,12.0,6.7,3687.0,256.0,31049,2020.0,3,5,12.0
1,6.0,12.0,6.7,3687.0,256.0,31499,2020.0,3,5,12.0
1,6.0,12.0,6.7,3687.0,256.0,32699,2020.0,4,5,12.0
1,6.0,12.0,6.7,3687.0,256.0,32711,2020.0,3,5,12.0
1,6.0,12.0,6.7,3687.0,256.0,32711,2020.0,4,5,12.0
1,6.0,12.0,6.7,3687.0,256.0,33290,2020.0,4,5,12.0
1,6.0,12.0,6.7,3687.0,256.0,33369,2020.0,4,5,12.0
1,6.0,12.0,6.7,3687.0,256.0,34309,2020.0,3,5,12.0
1,6.0,12.0,6.7,3687.0,256.0,34779,2020.0,4,5,12.0
1,6.0,12.0,6.7,3687.0,256.0,34807,2020.0,4,5,12.0
1,6.0,12.0,6.7,3687.0,256.0,35531,2020.0,4,5,12.0
1,6.0,12.0,6.7,3687.0,256.0,35625,2020.0,4,5,12.0
1,6.0,12.0,6.7,3687.0,256.0,36640,2020.0,4,5,12.0
1,6.0,12.0,6.7,3687.0,256.0,37051,2020.0,4,5,12.0
1,6.0,12.0,6.7,3687.0,256.0,39499,2020.0,4,5,12.0
1,6.0,12.0,6.7,3687.0,256.0,39999,2020.0,4,5,12.0
1,6.0,12.0,6.7,3687.0,256.0,40739,2020.0,4,5,12.0
1,6.0,12.0,6.7,3687.0,128.0,29740,2020.0,3,5,12.0
1,6.0,12.0,6.7,3687.0,128.0,30561,2020.0,4,5,12.0
1,6.0,12.0,6.7,3687.0,128.0,28866,2020.0,3,5,12.0
1,6.0,12.0,6.7,3687.0,128.0,29199,2020.0,3,5,12.0
1,6.0,12.0,6.7,3687.0,128.0,29740,2020.0,4,5,12.0
1,6.0,12.0,6.7,3687.0,128.0,30544,2020.0,4,5,12.0
1,6.0,12.0,6.7,3687.0,128.0,30589,2020.0,4,5,12.0
1,6.0,12.0,6.7,3687.0,128.0,30889,2020.0,4,5,12.0
1,6.0,12.0,6.7,3687.0,128.0,31399,2020.0,4,5,12.0
1,6.0,12.0,6.7,3687.0,128.0,31489,2020.0,4,5,12.0
1,6.0,12.0,6.7,3687.0,128.0,32147,2020.0,4,5,12.0
1,6.0,12.0,6.7,3687.0,128.0,32429,2020.0,4,5,12.0
1,6.0,12.0,6.7,3687.0,128.0,32537,2020.0,4,5,12.0
1,6.0,12.0,6.7,3687.0,128.0,32537,2020.0,3,5,12.0
1,6.0,12.0,6.7,3687.0,128.0,33949,2020.0,4,5,12.0
1,6.0,12.0,6.7,3687.0,128.0,35577,2020.0,4,5,12.0
1,6.0,12.0,6.7,3687.0,128.0,35683,2020.0,4,5,12.0
1,6.0,12.0,6.7,3687.0,128.0,36999,2020.0,4,5,12.0
1,6.0,12.0,6.7,3687.0,128.0,40999,2020.0,4,5,12.0
1,6.0,12.0,6.1,2815.0,512.0,29985,2020.0,3,4,12.0
1,6.0,12.0,6.1,2815.0,512.0,31669,2020.0,4,4,12.0
1,6.0,12.0,6.1,2815.0,512.0,29843,2020.0,3,4,12.0
1,6.0,12.0,6.1,2815.0,512.0,30492,2020.0,4,4,12.0
1,6.0,12.0,6.1,2815.0,512.0,31207,2020.0,4,4,12.0
1,6.0,12.0,6.1,2815.0,512.0,32523,2020.0,4,4,12.0
1,6.0,12.0,6.1,2815.0,512.0,35408,2020.0,4,4,12.0
1,6.0,12.0,6.1,2815.0,512.0,36099,2020.0,4,4,12.0
1,6.0,12.0,6.1,2815.0,512.0,36399,2020.0,3,4,12.0
1,6.0,12.0,6.1,2815.0,512.0,36399,2020.0,4,4,12.0
1,6.0,12.0,6.1,2815.0,512.0,42749,2020.0,4,4,12.0
1,6.0,12.0,6.1,2815.0,256.0,28132,2020.0,4,4,12.0
1,6.0,12.0,6.1,2815.0,256.0,28269,2020.0,4,4,12.0
1,6.0,12.0,6.1,2815.0,256.0,26225,2020.0,3,4,12.0
1,6.0,12.0,6.1,2815.0,256.0,27071,2020.0,3,4,12.0
1,6.0,12.0,6.1,2815.0,256.0,27823,2020.0,4,4,12.0
1,6.0,12.0,6.1,2815.0,256.0,27954,2020.0,4,4,12.0
1,6.0,12.0,6.1,2815.0,256.0,28744,2020.0,4,4,12.0
1,6.0,12.0,6.1,2815.0,256.0,28817,2020.0,4,4,12.0
1,6.0,12.0,6.1,2815.0,256.0,28999,2020.0,4,4,12.0
1,6.0,12.0,6.1,2815.0,256.0,29709,2020.0,4,4,12.0
1,6.0,12.0,6.1,2815.0,256.0,30643,2020.0,4,4,12.0
1,6.0,12.0,6.1,2815.0,256.0,30699,2020.0,3,4,12.0
1,6.0,12.0,6.1,2815.0,256.0,30899,2020.0,4,4,12.0
1,6.0,12.0,6.1,2815.0,256.0,30999,2020.0,3,4,12.0
1,6.0,12.0,6.1,2815.0,256.0,31695,2020.0,4,4,12.0
1,6.0,12.0,6.1,2815.0,256.0,32199,2020.0,4,4,12.0
1,6.0,12.0,6.1,2815.0,256.0,32630,2020.0,4,4,12.0
1,6.0,12.0,6.1,2815.0,256.0,32682,2020.0,4,4,12.0
1,6.0,12.0,6.1,2815.0,256.0,33367,2020.0,4,4,12.0
1,6.0,12.0,6.1,2815.0,256.0,33399,2020.0,4,4,12.0
1,6.0,12.0,6.1,2815.0,256.0,34699,2020.0,4,4,12.0
1,6.0,12.0,6.1,2815.0,256.0,36859,2020.0,4,4,12.0
1,6.0,12.0,6.1,2815.0,256.0,37999,2020.0,4,4,12.0
1,6.0,12.0,6.1,2815.0,128.0,25619,2020.0,3,4,12.0
1,6.0,12.0,6.1,2815.0,128.0,27199,2020.0,4,4,12.0
1,6.0,12.0,6.1,2815.0,128.0,25379,2020.0,3,4,12.0
1,6.0,12.0,6.1,2815.0,128.0,25599,2020.0,3,4,12.0
1,6.0,12.0,6.1,2815.0,128.0,25943,2020.0,4,4,12.0
1,6.0,12.0,6.1,2815.0,128.0,25949,2020.0,4,4,12.0
1,6.0,12.0,6.1,2815.0,128.0,26218,2020.0,4,4,12.0
1,6.0,12.0,6.1,2815.0,128.0,26249,2020.0,4,4,12.0
1,6.0,12.0,6.1,2815.0,128.0,27165,2020.0,4,4,12.0
1,6.0,12.0,6.1,2815.0,128.0,27259,2020.0,4,4,12.0
1,6.0,12.0,6.1,2815.0,128.0,27399,2020.0,4,4,12.0
1,6.0,12.0,6.1,2815.0,128.0,27644,2020.0,4,4,12.0
1,6.0,12.0,6.1,2815.0,128.0,27729,2020.0,4,4,12.0
1,6.0,12.0,6.1,2815.0,128.0,27993,2020.0,4,4,12.0
1,6.0,12.0,6.1,2815.0,128.0,28099,2020.0,4,4,12.0
1,6.0,12.0,6.1,2815.0,128.0,28614,2020.0,4,4,12.0
1,6.0,12.0,6.1,2815.0,128.0,31899,2020.0,4,4,12.0
1,6.0,12.0,6.1,2815.0,128.0,32699,2020.0,4,4,12.0
1,6.0,12.0,6.1,2815.0,128.0,35999,2020.0,4,4,12.0
1,4.0,12.0,6.1,2815.0,256.0,22502,2020.0,3,2,12.0
1,4.0,12.0,6.1,2815.0,256.0,22549,2020.0,4,2,12.0
1,4.0,12.0,6.1,2815.0,256.0,20679,2020.0,3,2,12.0
1,4.0,12.0,6.1,2815.0,256.0,21619,2020.0,4,2,12.0
1,4.0,12.0,6.1,2815.0,256.0,22099,2020.0,4,2,12.0
1,4.0,12.0,6.1,2815.0,256.0,22499,2020.0,3,2,12.0
1,4.0,12.0,6.1,2815.0,256.0,22991,2020.0,4,2,12.0
1,4.0,12.0,6.1,2815.0,256.0,23327,2020.0,4,2,12.0
1,4.0,12.0,6.1,2815.0,256.0,23499,2020.0,4,2,12.0
1,4.0,12.0,6.1,2815.0,256.0,23958,2020.0,4,2,12.0
1,4.0,12.0,6.1,2815.0,256.0,23987,2020.0,4,2,12.0
1,4.0,12.0,6.1,2815.0,256.0,24349,2020.0,4,2,12.0
1,4.0,12.0,6.1,2815.0,256.0,24974,2020.0,4,2,12.0
1,4.0,12.0,6.1,2815.0,256.0,25636,2020.0,4,2,12.0
1,4.0,12.0,6.1,2815.0,256.0,27599,2020.0,4,2,12.0
1,4.0,12.0,6.1,2815.0,256.0,27899,2020.0,4,2,12.0
1,4.0,12.0,6.1,2815.0,256.0,27999,2020.0,4,2,12.0
1,4.0,12.0,6.1,2815.0,256.0,28199,2020.0,4,2,12.0
1,4.0,12.0,6.1,2815.0,256.0,28499,2020.0,4,2,12.0
1,4.0,12.0,6.1,2815.0,256.0,28499,2020.0,3,2,12.0
1,4.0,12.0,6.1,2815.0,128.0,20086,2020.0,4,2,12.0
1,4.0,12.0,6.1,2815.0,128.0,20549,2020.0,4,2,12.0
1,4.0,12.0,6.1,2815.0,128.0,18552,2020.0,3,2,12.0
1,4.0,12.0,6.1,2815.0,128.0,18580,2020.0,4,2,12.0
1,4.0,12.0,6.1,2815.0,128.0,19099,2020.0,4,2,12.0
1,4.0,12.0,6.1,2815.0,128.0,19899,2020.0,4,2,12.0
1,4.0,12.0,6.1,2815.0,128.0,20321,2020.0,4,2,12.0
1,4.0,12.0,6.1,2815.0,128.0,20321,2020.0,3,2,12.0
1,4.0,12.0,6.1,2815.0,128.0,20369,2020.0,4,2,12.0
1,4.0,12.0,6.1,2815.0,128.0,20491,2020.0,4,2,12.0
1,4.0,12.0,6.1,2815.0,128.0,20585,2020.0,4,2,12.0
1,4.0,12.0,6.1,2815.0,128.0,20599,2020.0,4,2,12.0
1,4.0,12.0,6.1,2815.0,128.0,20679,2020.0,4,2,12.0
1,4.0,12.0,6.1,2815.0,128.0,20727,2020.0,4,2,12.0
1,4.0,12.0,6.1,2815.0,128.0,20863,2020.0,4,2,12.0
1,4.0,12.0,6.1,2815.0,128.0,20999,2020.0,4,2,12.0
1,4.0,12.0,6.1,2815.0,128.0,21174,2020.0,4,2,12.0
1,4.0,12.0,6.1,2815.0,128.0,21387,2020.0,4,2,12.0
1,4.0,12.0,6.1,2815.0,128.0,22531,2020.0,4,2,12.0
1,4.0,12.0,6.1,2815.0,128.0,24249,2020.0,4,2,12.0
1,4.0,12.0,6.1,2815.0,128.0,24799,2020.0,3,2,12.0
1,4.0,12.0,6.1,2815.0,128.0,25999,2020.0,4,2,12.0
1,4.0,12.0,6.1,2815.0,64.0,17140,2020.0,4,2,12.0
1,4.0,12.0,6.1,2815.0,64.0,17671,2020.0,4,2,12.0
1,4.0,12.0,6.1,2815.0,64.0,16799,2020.0,3,2,12.0
1,4.0,12.0,6.1,2815.0,64.0,17109,2020.0,3,2,12.0
1,4.0,12.0,6.1,2815.0,64.0,17109,2020.0,4,2,12.0
1,4.0,12.0,6.1,2815.0,64.0,17299,2020.0,4,2,12.0
1,4.0,12.0,6.1,2815.0,64.0,17639,2020.0,4,2,12.0
1,4.0,12.0,6.1,2815.0,64.0,17709,2020.0,4,2,12.0
1,4.0,12.0,6.1,2815.0,64.0,17749,2020.0,4,2,12.0
1,4.0,12.0,6.1,2815.0,64.0,17847,2020.0,3,2,12.0
1,4.0,12.0,6.1,2815.0,64.0,17858,2020.0,4,2,12.0
1,4.0,12.0,6.1,2815.0,64.0,18021,2020.0,4,2,12.0
1,4.0,12.0,6.1,2815.0,64.0,18047,2020.0,4,2,12.0
1,4.0,12.0,6.1,2815.0,64.0,18141,2020.0,4,2,12.0
1,4.0,12.0,6.1,2815.0,64.0,18235,2020.0,4,2,12.0
1,4.0,12.0,6.1,2815.0,64.0,18329,2020.0,4,2,12.0
1,4.0,12.0,6.1,2815.0,64.0,18428,2020.0,4,2,12.0
1,4.0,12.0,6.1,2815.0,64.0,18623,2020.0,4,2,12.0
1,4.0,12.0,6.1,2815.0,64.0,18720,2020.0,4,2,12.0
1,4.0,12.0,6.1,2815.0,64.0,18943,2020.0,4,2,12.0
1,4.0,12.0,6.1,2815.0,64.0,23999,2020.0,4,2,12.0
0,4.0,12.0,6.5,3969.0,256.0,21431,2019.0,3,5,11.0
0,4.0,12.0,6.5,3969.0,256.0,21882,2019.0,4,5,11.0
0,4.0,12.0,6.5,3969.0,256.0,19199,2019.0,3,5,11.0
0,4.0,12.0,6.5,3969.0,256.0,20299,2019.0,3,5,11.0
0,4.0,12.0,6.5,3969.0,256.0,21431,2019.0,4,5,11.0
0,4.0,12.0,6.5,3969.0,256.0,22559,2019.0,4,5,11.0
0,4.0,12.0,6.5,3969.0,256.0,22893,2019.0,4,5,11.0
0,4.0,12.0,6.5,3969.0,256.0,22999,2019.0,4,5,11.0
0,4.0,12.0,6.5,3969.0,256.0,23199,2019.0,4,5,11.0
0,4.0,12.0,6.5,3969.0,256.0,23899,2019.0,4,5,11.0
0,4.0,12.0,6.5,3969.0,256.0,24209,2019.0,4,5,11.0
0,4.0,12.0,6.5,3969.0,256.0,24861,2019.0,4,5,11.0
0,4.0,12.0,6.5,3969.0,256.0,25849,2019.0,4,5,11.0
0,4.0,12.0,6.5,3969.0,256.0,26149,2019.0,4,5,11.0
0,4.0,12.0,6.5,3969.0,256.0,27159,2019.0,4,5,11.0
0,4.0,12.0,6.5,3969.0,64.0,17389,2019.0,4,5,11.0
0,4.0,12.0,6.5,3969.0,64.0,17999,2019.0,4,5,11.0
0,4.0,12.0,6.5,3969.0,64.0,17323,2019.0,3,5,11.0
0,4.0,12.0,6.5,3969.0,64.0,17389,2019.0,3,5,11.0
0,4.0,12.0,6.5,3969.0,64.0,17840,2019.0,4,5,11.0
0,4.0,12.0,6.5,3969.0,64.0,17859,2019.0,4,5,11.0
0,4.0,12.0,6.5,3969.0,64.0,18149,2019.0,4,5,11.0
0,4.0,12.0,6.5,3969.0,64.0,18235,2019.0,3,5,11.0
0,4.0,12.0,6.5,3969.0,64.0,18322,2019.0,4,5,11.0
0,4.0,12.0,6.5,3969.0,64.0,18349,2019.0,4,5,11.0
0,4.0,12.0,6.5,3969.0,64.0,18429,2019.0,4,5,11.0
0,4.0,12.0,6.5,3969.0,64.0,18499,2019.0,4,5,11.0
0,4.0,12.0,6.5,3969.0,64.0,18499,2019.0,3,5,11.0
0,4.0,12.0,6.5,3969.0,64.0,18611,2019.0,4,5,11.0
0,4.0,12.0,6.5,3969.0,64.0,18827,2019.0,4,5,11.0
0,4.0,12.0,6.5,3969.0,64.0,18889,2019.0,4,5,11.0
0,4.0,12.0,6.5,3969.0,64.0,19340,2019.0,4,5,11.0
0,4.0,12.0,6.5,3969.0,64.0,19399,2019.0,4,5,11.0
0,4.0,12.0,6.5,3969.0,64.0,19949,2019.0,4,5,11.0
0,4.0,12.0,6.5,3969.0,64.0,20369,2019.0,4,5,11.0
0,4.0,12.0,6.5,3969.0,64.0,20369,2019.0,3,5,11.0
0,4.0,12.0,6.5,3969.0,64.0,21339,2019.0,4,5,11.0
0,4.0,12.0,6.5,3969.0,64.0,21367,2019.0,4,5,11.0
0,4.0,12.0,5.8,3046.0,512.0,22747,2019.0,4,4,11.0
0,4.0,12.0,5.8,3046.0,512.0,24499,2019.0,4,4,11.0
0,4.0,12.0,5.8,3046.0,512.0,22338,2019.0,3,4,11.0
0,4.0,12.0,5.8,3046.0,512.0,22499,2019.0,4,4,11.0
0,4.0,12.0,5.8,3046.0,512.0,23029,2019.0,4,4,11.0
0,4.0,12.0,5.8,3046.0,512.0,25349,2019.0,4,4,11.0
0,4.0,12.0,5.8,3046.0,512.0,29099,2019.0,3,4,11.0
0,4.0,12.0,5.8,3046.0,256.0,18987,2019.0,4,4,11.0
0,4.0,12.0,5.8,3046.0,256.0,19999,2019.0,4,4,11.0
0,4.0,12.0,5.8,3046.0,256.0,18228,2019.0,3,4,11.0
0,4.0,12.0,5.8,3046.0,256.0,19269,2019.0,3,4,11.0
0,4.0,12.0,5.8,3046.0,256.0,19363,2019.0,4,4,11.0
0,4.0,12.0,5.8,3046.0,256.0,19600,2019.0,4,4,11.0
0,4.0,12.0,5.8,3046.0,256.0,19739,2019.0,3,4,11.0
0,4.0,12.0,5.8,3046.0,256.0,20109,2019.0,4,4,11.0
0,4.0,12.0,5.8,3046.0,256.0,20359,2019.0,4,4,11.0
0,4.0,12.0,5.8,3046.0,256.0,20599,2019.0,3,4,11.0
0,4.0,12.0,5.8,3046.0,256.0,20679,2019.0,4,4,11.0
0,4.0,12.0,5.8,3046.0,256.0,20799,2019.0,4,4,11.0
0,4.0,12.0,5.8,3046.0,256.0,21619,2019.0,4,4,11.0
0,4.0,12.0,5.8,3046.0,256.0,23999,2019.0,4,4,11.0
0,4.0,12.0,5.8,3046.0,64.0,16853,2019.0,4,4,11.0
0,4.0,12.0,5.8,3046.0,64.0,17146,2019.0,4,4,11.0
0,4.0,12.0,5.8,3046.0,64.0,16494,2019.0,3,4,11.0
0,4.0,12.0,5.8,3046.0,64.0,17107,2019.0,3,4,11.0
0,4.0,12.0,5.8,3046.0,64.0,17107,2019.0,4,4,11.0
0,4.0,12.0,5.8,3046.0,64.0,17284,2019.0,3,4,11.0
0,4.0,12.0,5.8,3046.0,64.0,17313,2019.0,4,4,11.0
0,4.0,12.0,5.8,3046.0,64.0,17339,2019.0,4,4,11.0
0,4.0,12.0,5.8,3046.0,64.0,17389,2019.0,4,4,11.0
0,4.0,12.0,5.8,3046.0,64.0,17599,2019.0,4,4,11.0
0,4.0,12.0,5.8,3046.0,64.0,17699,2019.0,4,4,11.0
0,4.0,12.0,5.8,3046.0,64.0,17849,2019.0,4,4,11.0
0,4.0,12.0,5.8,3046.0,64.0,17859,2019.0,4,4,11.0
0,4.0,12.0,5.8,3046.0,64.0,18705,2019.0,4,4,11.0
0,4.0,12.0,5.8,3046.0,64.0,18799,2019.0,3,4,11.0
0,4.0,12.0,5.8,3046.0,64.0,18799,2019.0,4,4,11.0
0,4.0,12.0,5.8,3046.0,64.0,19302,2019.0,4,4,11.0
0,4.0,12.0,5.8,3046.0,64.0,19399,2019.0,4,4,11.0
0,4.0,12.0,5.8,3046.0,64.0,19899,2019.0,4,4,11.0
0,4.0,12.0,5.8,3046.0,64.0,21399,2019.0,4,4,11.0
0,4.0,12.0,5.8,3046.0,64.0,21699,2019.0,4,4,11.0
0,4.0,12.0,5.8,3046.0,64.0,21999,2019.0,4,4,11.0
0,4.0,12.0,6.1,3110.0,256.0,14851,2019.0,3,2,11.0
0,4.0,12.0,6.1,3110.0,256.0,15799,2019.0,4,2,11.0
0,4.0,12.0,6.1,3110.0,256.0,14553,2019.0,3,2,11.0
0,4.0,12.0,6.1,3110.0,256.0,14869,2019.0,4,2,11.0
0,4.0,12.0,6.1,3110.0,256.0,15299,2019.0,4,2,11.0
0,4.0,12.0,6.1,3110.0,256.0,15415,2019.0,4,2,11.0
0,4.0,12.0,6.1,3110.0,256.0,15449,2019.0,4,2,11.0
0,4.0,12.0,6.1,3110.0,256.0,15749,2019.0,4,2,11.0
0,4.0,12.0,6.1,3110.0,256.0,15799,2019.0,3,2,11.0
0,4.0,12.0,6.1,3110.0,256.0,15866,2019.0,4,2,11.0
0,4.0,12.0,6.1,3110.0,256.0,15866,2019.0,3,2,11.0
0,4.0,12.0,6.1,3110.0,256.0,16853,2019.0,4,2,11.0
0,4.0,12.0,6.1,3110.0,256.0,17500,2019.0,4,2,11.0
0,4.0,12.0,6.1,3110.0,256.0,17686,2019.0,4,2,11.0
0,4.0,12.0,6.1,3110.0,256.0,19199,2019.0,4,2,11.0
0,4.0,12.0,6.1,3110.0,256.0,19699,2019.0,4,2,11.0
0,4.0,12.0,6.1,3110.0,256.0,20699,2019.0,4,2,11.0
0,4.0,12.0,6.1,3110.0,128.0,12463,2019.0,4,2,11.0
0,4.0,12.0,6.1,3110.0,128.0,13259,2019.0,4,2,11.0
0,4.0,12.0,6.1,3110.0,128.0,12089,2019.0,3,2,11.0
0,4.0,12.0,6.1,3110.0,128.0,12649,2019.0,3,2,11.0
0,4.0,12.0,6.1,3110.0,128.0,12649,2019.0,4,2,11.0
0,4.0,12.0,6.1,3110.0,128.0,12725,2019.0,4,2,11.0
0,4.0,12.0,6.1,3110.0,128.0,12783,2019.0,4,2,11.0
0,4.0,12.0,6.1,3110.0,128.0,12861,2019.0,4,2,11.0
0,4.0,12.0,6.1,3110.0,128.0,12909,2019.0,4,2,11.0
0,4.0,12.0,6.1,3110.0,128.0,13065,2019.0,4,2,11.0
0,4.0,12.0,6.1,3110.0,128.0,13121,2019.0,4,2,11.0
0,4.0,12.0,6.1,3110.0,128.0,13159,2019.0,3,2,11.0
0,4.0,12.0,6.1,3110.0,128.0,13159,2019.0,4,2,11.0
0,4.0,12.0,6.1,3110.0,128.0,13253,2019.0,4,2,11.0
0,4.0,12.0,6.1,3110.0,128.0,13440,2019.0,4,2,11.0
0,4.0,12.0,6.1,3110.0,128.0,13499,2019.0,4,2,11.0
0,4.0,12.0,6.1,3110.0,128.0,13540,2019.0,4,2,11.0
0,4.0,12.0,6.1,3110.0,128.0,13540,2019.0,3,2,11.0
0,4.0,12.0,6.1,3110.0,128.0,13577,2019.0,4,2,11.0
0,4.0,12.0,6.1,3110.0,128.0,13870,2019.0,4,2,11.0
0,4.0,12.0,6.1,3110.0,128.0,21199,2019.0,4,2,11.0
0,4.0,12.0,6.1,3110.0,64.0,10809,2019.0,3,2,11.0
0,4.0,12.0,6.1,3110.0,64.0,11449,2019.0,4,2,11.0
0,4.0,12.0,6.1,3110.0,64.0,10328,2019.0,3,2,11.0
0,4.0,12.0,6.1,3110.0,64.0,10709,2019.0,3,2,11.0
0,4.0,12.0,6.1,3110.0,64.0,10809,2019.0,4,2,11.0
0,4.0,12.0,6.1,3110.0,64.0,10822,2019.0,4,2,11.0
0,4.0,12.0,6.1,3110.0,64.0,10909,2019.0,4,2,11.0
0,4.0,12.0,6.1,3110.0,64.0,10978,2019.0,4,2,11.0
0,4.0,12.0,6.1,3110.0,64.0,11091,2019.0,4,2,11.0
0,4.0,12.0,6.1,3110.0,64.0,11185,2019.0,4,2,11.0
0,4.0,12.0,6.1,3110.0,64.0,11251,2019.0,4,2,11.0
0,4.0,12.0,6.1,3110.0,64.0,11278,2019.0,4,2,11.0
0,4.0,12.0,6.1,3110.0,64.0,11328,2019.0,4,2,11.0
0,4.0,12.0,6.1,3110.0,64.0,11373,2019.0,4,2,11.0
0,4.0,12.0,6.1,3110.0,64.0,11445,2019.0,4,2,11.0
0,4.0,12.0,6.1,3110.0,64.0,11467,2019.0,4,2,11.0
0,4.0,12.0,6.1,3110.0,64.0,11485,2019.0,4,2,11.0
0,4.0,12.0,6.1,3110.0,64.0,11609,2019.0,4,2,11.0
0,4.0,12.0,6.1,3110.0,64.0,11609,2019.0,3,2,11.0
0,4.0,12.0,6.1,3110.0,64.0,11638,2019.0,4,2,11.0
0,4.0,12.0,6.1,3110.0,64.0,11639,2019.0,4,2,11.0
0,4.0,12.0,6.1,3110.0,64.0,11699,2019.0,4,2,11.0
0,4.0,12.0,6.1,3110.0,64.0,19999,2019.0,4,2,11.0
